real,auto,BP,LSTM,GRU,BiLSTM,BiGRU,Attention_GRU,Attention_LSTM
95.7,95.34154,97.5997,93.57086,94.29609,93.88971,96.54655,96.186356,93.72673
95.5,96.024376,96.1624,93.61227,93.70358,93.10813,96.61567,95.85966,92.819115
95.4,94.37826,91.66893,94.276794,93.14251,94.45978,95.79431,97.29939,92.98971
95.3,94.830284,95.8154,93.26348,92.99871,94.21714,94.910065,97.13937,93.91274
95.5,94.49237,95.15175,92.83492,91.585236,93.26146,95.33287,97.04049,93.94678
95.4,95.235916,88.39908,91.958626,91.8989,92.38704,94.282166,95.8888,94.03145
95.3,95.39382,94.867065,91.40975,90.78766,91.38238,93.57328,95.630356,95.34055
95.4,95.77663,96.32337,90.22134,89.08911,89.07717,93.69808,94.61879,95.43908
95.6,95.593056,86.89011,89.59883,88.23344,87.7481,93.11454,95.05616,94.080086
95.7,94.18402,93.01756,88.94673,86.719604,86.74752,90.23792,94.7386,93.4142
95.6,95.0324,91.25094,88.01171,85.28453,87.30977,89.35597,95.63264,93.76102
95.8,94.49557,90.22239,86.651,84.943794,85.486946,89.4251,95.64284,92.244095
95.9,96.65665,98.166435,93.70699,94.23564,93.804146,96.48058,99.6892,94.59448
96.2,96.758,96.7194,93.83279,93.75891,93.18787,97.021996,99.093056,94.42343
96.2,96.28404,92.31453,94.512955,93.19645,94.595146,96.405205,99.556725,94.51202
96.4,95.46447,96.57433,93.52516,93.11168,94.331856,95.07529,98.48628,94.83876
96.2,93.53191,96.02435,93.09942,91.784775,93.28832,94.37579,99.37676,93.5354
95.8,91.610886,89.440094,92.242966,92.01055,92.44839,91.54727,96.47159,91.96927
94.5,90.587944,95.97103,91.76869,90.985695,91.32293,89.20988,93.83093,91.2313
93.7,87.74257,97.43945,90.55492,89.32279,89.003494,88.09657,91.49322,89.07905
95.5,84.55719,87.70706,89.8756,88.451035,87.68204,86.55284,89.016335,86.30746
91.2,81.92612,93.9788,89.18477,87.00936,87.108055,82.821144,87.409424,83.87147
86.9,80.25577,91.99782,88.363884,85.57378,87.71497,82.013176,85.104416,82.66309
84.5,78.96123,90.916794,86.93011,85.25133,85.9876,81.9916,84.44284,80.78697
84.6,86.13989,88.44794,91.612015,89.62225,84.87327,86.483765,86.54323,84.4482
81.7,84.6036,87.25015,91.61945,88.490555,83.61701,84.90207,86.43211,81.64859
76.8,84.73979,82.059074,92.17252,88.33121,85.22035,84.34779,85.49836,81.43813
71.7,86.364105,86.732376,91.15504,87.38597,84.64501,83.15366,85.57264,82.59597
82.3,85.0518,86.536804,90.73584,86.23187,83.95062,84.29051,88.11102,83.34376
84.1,87.8954,80.00651,89.77057,86.91763,83.96783,84.742935,90.35496,86.017204
88.7,90.43794,88.30076,89.320625,86.58473,84.380325,87.86325,90.63046,88.223785
91.5,93.41524,91.02736,88.29746,86.7168,84.735634,89.67417,93.97087,93.27411
95.1,95.80998,81.45405,88.219154,86.43684,86.13261,94.56439,96.01875,94.37876
98.9,96.91941,89.73736,87.9836,85.94569,85.88841,95.527916,97.993614,98.55441
99.9,97.34612,88.75517,86.59305,84.85771,88.68459,97.23034,99.59285,99.722275
99.9,96.901794,88.67696,86.370094,85.107025,87.245476,97.37451,99.3781,99.09492
99.9,98.86765,102.788315,94.778404,96.375374,98.63221,100.08912,101.01211,96.24499
99.9,98.77345,102.69555,95.303085,96.442986,98.817184,100.4107,101.25551,95.58305
99.9,98.261826,99.99162,96.0868,95.97172,100.112656,100.88507,101.646675,95.90588
99,97.870995,103.31065,95.29303,96.12959,100.06743,100.82072,101.51138,96.52058
98,98.235466,106.535995,94.82181,95.39769,98.47742,100.646034,101.54211,95.971146
97.6,98.03279,100.24681,94.11566,95.02341,98.27378,99.75043,99.88061,95.58556
97,97.86525,104.31802,94.03407,94.13557,97.24703,100.71347,98.09663,95.858894
97.1,99.13976,104.058945,92.6892,91.7168,95.22093,100.85782,96.60561,95.19425
96.6,98.46966,94.49799,91.61362,90.63988,93.99931,102.548386,95.72653,95.3719
96.2,97.53997,101.73834,90.622116,89.04147,94.421394,100.76873,95.460335,94.59914
96.1,98.444435,100.21375,90.62005,87.36381,94.87737,101.01726,95.99121,94.459404
96,97.798645,95.73697,88.6584,86.815384,94.26645,101.56549,95.2739,93.65168
96.1,95.03423,97.860115,93.69219,94.46813,94.09969,96.655205,96.19831,93.61586
95.9,95.64516,96.423164,93.72355,93.86143,93.311966,96.66553,95.94032,92.66011
96.9,93.953606,91.980705,94.38971,93.31363,94.66437,95.839676,97.32442,92.75456
94.8,94.38,95.95235,93.37837,93.163216,94.42881,95.07195,97.2609,93.690414
96.1,94.09703,95.02012,92.95228,91.75875,93.48949,95.53677,97.279854,93.798546
96,94.87261,88.24247,92.07831,92.07137,92.58741,94.73821,96.15341,93.94735
96,95.10859,94.9423,91.51308,90.92566,91.59035,94.23527,95.935234,95.29927
95.4,95.54863,96.48187,90.31918,89.1358,89.245865,94.349045,94.87104,95.597824
94.9,95.46755,86.98917,89.66263,88.26557,87.8917,93.95824,95.306656,94.2611
95,94.27111,92.943016,88.9759,86.70527,86.7977,91.27181,95.166756,93.70959
95.1,95.388145,91.10602,88.08018,85.247734,87.34189,90.33818,96.05616,94.13046
95.2,95.04305,90.17706,86.613335,84.8854,85.51474,90.36919,96.262825,92.642334
95.1,95.65606,97.27114,93.50332,93.935936,93.168846,95.78811,98.646835,93.963356
95.2,95.83483,95.69587,93.60731,93.410095,92.472755,96.003395,97.81018,93.62936
95.5,95.452385,91.51743,94.27775,92.8457,93.87354,95.418465,98.84098,94.21632
95.4,94.980965,95.83115,93.27738,92.72455,93.59539,94.20109,97.860565,95.0665
95.3,93.304146,95.37596,92.85262,91.3602,92.60136,93.70724,98.86128,93.99292
95.6,92.09157,88.51488,91.98286,91.63877,91.80633,91.45181,96.723076,93.29514
96.4,91.8893,95.24118,91.49541,90.63483,90.751785,89.788994,95.1301,94.08527
94.9,90.07323,96.28183,90.2987,89.10847,88.593575,88.84399,93.6368,92.047356
94.5,87.62471,86.58783,89.68131,88.271774,87.41183,88.128105,92.59271,90.37122
92.7,85.60621,93.2339,89.045425,86.88898,86.79451,84.786835,91.29097,88.478966
89.4,84.15424,91.80962,88.13856,85.48697,87.50177,84.19045,90.09412,88.02243
85.6,82.937744,90.2331,86.83588,85.1976,85.73882,84.054634,89.40346,86.34896
82.6,88.32537,89.830086,92.44747,90.88055,86.54177,88.26603,87.00748,85.04412
88.1,85.85941,88.31729,92.49022,89.91479,85.39005,86.62509,86.21584,82.41109
92.4,86.43176,83.68216,93.09574,89.70134,87.085236,86.03456,84.95584,82.15169
91.9,87.59604,88.379906,92.0703,88.912636,86.55497,84.97503,86.032524,83.59165
99.9,85.27549,87.92939,91.67081,87.789604,85.83168,85.514656,88.46763,84.301315
99.9,86.87381,81.76487,90.73608,88.354355,85.61005,85.15768,90.916466,86.83067
99.6,89.17845,88.974945,90.25199,87.78301,85.62893,87.52743,92.16383,89.1738
99.9,91.2979,91.15654,89.14308,87.51162,85.39408,88.20426,94.54434,93.85566
99.9,92.36098,81.86472,88.83556,87.066284,86.29698,92.89494,95.19632,94.22351
99.9,92.07013,89.84078,88.44813,86.317894,85.93673,93.1099,97.67895,98.046776
99.8,91.756966,89.49346,87.22761,85.12128,88.31198,94.63957,97.57208,99.20435
99.7,90.27456,88.84769,86.55563,85.19257,86.773544,94.167595,96.678795,98.36648
99,94.80347,103.60739,95.530754,96.74502,97.22392,99.96764,100.76576,96.15371
98.4,92.909164,100.77654,95.72463,96.36526,96.99981,99.36702,101.58698,95.56604
97.9,91.63306,95.77622,96.42884,95.99036,98.5772,98.9271,102.005806,96.34717
97.5,91.51803,101.13466,95.60165,95.95205,98.28885,98.07049,101.66588,96.57706
97.3,91.95271,101.893196,95.167534,94.99058,97.258064,98.52895,101.102486,96.38539
96.7,92.26423,92.77484,94.425,94.972725,96.12881,95.43632,99.20404,95.51526
96.5,93.21188,100.61207,93.96829,93.742134,95.05804,95.30896,97.426384,95.34434
96.3,92.92952,100.80418,92.69183,90.59533,92.36983,95.643906,95.48164,94.64595
96.2,93.62645,89.52435,91.42009,89.46445,90.92154,95.01001,95.1335,93.69103
96,93.28789,96.95337,90.03317,87.45368,89.9119,93.930626,94.46123,92.78503
95.9,94.91532,94.704445,90.312904,85.61071,90.5934,93.45015,94.94783,92.54224
95.8,94.98178,92.389565,87.01438,85.11675,89.37712,93.64764,93.97859,91.31183
95.7,95.93156,97.84297,93.66203,94.32404,93.93021,96.57052,97.4579,94.10803
95.7,96.64619,96.31029,93.7256,93.762115,93.190834,96.73993,96.794716,93.43132
96.6,95.35134,91.90513,94.3955,93.20366,94.57078,96.0171,98.24811,93.89191
96.3,95.73957,96.01406,93.39064,93.07574,94.31244,95.00453,97.6607,94.9664
95.8,95.12945,95.4137,92.96416,91.690346,93.33672,95.07297,98.154854,94.574936
96,95.535194,88.80601,92.094894,91.97726,92.45582,93.48778,96.76403,94.44338
94.8,95.67104,95.30055,91.56288,90.88348,91.40647,92.29623,95.876274,95.78553
95,95.57562,96.795746,90.36432,89.17314,89.07743,91.94522,94.66251,94.994095
95,94.85121,87.13666,89.711174,88.30809,87.745865,91.213394,94.74891,93.45332
95,93.15394,93.40491,89.03347,86.80566,86.84471,88.00391,93.810265,92.307915
95.2,93.08041,91.61032,88.14824,85.36382,87.419106,87.18554,94.1707,92.48324
95.2,92.09187,90.39787,86.72715,85.023544,85.62198,87.159096,93.66161,90.84719
95.4,95.321785,97.58382,93.40252,93.91293,93.2062,95.89788,98.77253,94.37173
95.6,95.737854,96.25295,93.51167,93.39763,92.52027,96.2392,98.07174,94.08719
95.7,95.2258,91.80866,94.180695,92.82566,93.89771,95.64519,99.0932,94.63888
95.9,95.39059,95.99994,93.17801,92.713425,93.6279,94.44035,98.05414,95.31636
95.7,94.07968,95.27808,92.74985,91.3436,92.62029,93.95342,98.968925,94.35577
95.3,93.84644,88.49513,91.878,91.621155,91.83325,91.72847,96.69192,93.47766
93.6,94.056946,95.34006,91.39967,90.62132,90.75976,89.96822,94.94149,93.97371
93.8,93.24786,96.810425,90.20906,89.105576,88.57892,89.132065,93.427574,91.90455
94.2,91.849365,87.08036,89.618065,88.268036,87.35259,88.09383,92.278336,90.040665
90.4,90.124504,93.25974,89.008095,86.88873,86.76309,84.73107,90.85727,87.977165
89.8,88.999985,91.37546,88.070114,85.49457,87.43217,83.99404,89.588615,87.324554
83.3,87.720474,90.41229,86.83605,85.20714,85.65875,83.92693,88.86161,85.607216
81.3,86.98659,88.41271,91.57287,89.82802,85.084915,86.97525,84.861305,84.430824
79.6,85.5659,87.228935,91.609344,88.81106,83.8855,85.44264,84.68866,81.86527
77.5,85.62596,83.10081,92.16416,88.60682,85.50177,84.90643,84.48664,81.57871
82,87.48773,86.45653,91.15172,87.736984,84.96251,83.69758,85.43247,82.941574
84.1,85.71915,86.90487,90.729576,86.61093,84.24607,84.603615,86.08653,83.681465
86.2,88.44282,80.18337,89.77016,87.27752,84.187225,84.751465,87.96275,86.23484
90.9,90.765915,87.88891,89.34879,86.870865,84.46905,87.43778,89.92401,88.50802
95.1,93.442986,90.38418,88.32328,86.95369,84.63599,88.86645,93.307915,93.29167
97.1,95.5475,80.876175,88.24789,86.63633,85.86602,93.461945,95.08211,94.03434
99.9,96.247604,89.06798,88.02004,86.05699,85.686844,93.94091,97.663,97.81305
99.9,96.26643,89.314384,86.63489,84.976944,88.33214,95.5364,97.8199,98.959946
99.9,95.56297,87.68339,86.44771,85.18985,86.86816,95.42427,96.71808,98.31115
99.9,99.34504,104.593445,95.12854,96.593994,98.46704,100.089584,101.06493,95.85862
99.9,99.38615,103.502396,95.57783,96.54859,98.61385,100.09037,101.079956,95.2888
99.2,98.89491,99.938545,96.34424,96.12725,99.97162,100.458275,101.69228,95.742325
99.9,98.70775,103.6455,95.56082,96.225174,99.92056,100.33044,101.523766,96.15094
99.7,99.24257,103.77316,95.09359,95.478615,98.42974,99.83873,101.46645,95.67762
99.2,98.90343,98.966515,94.392136,95.1708,98.00635,98.948845,99.86022,95.25417
98.6,98.61481,103.59738,94.22224,94.21401,97.042145,99.84693,98.3499,95.238716
98.5,99.98236,105.53296,92.8914,91.55189,94.91582,99.187965,96.89165,94.53144
97.3,99.53226,95.36449,91.71798,90.416695,93.71971,100.92765,95.985695,95.01156
97,98.26945,100.948074,90.54327,88.743805,93.83266,99.135216,95.74489,94.23582
96.8,98.94833,97.66365,90.73955,86.96955,94.434525,99.3894,96.38472,94.029015
96.4,98.61866,96.29506,88.26723,86.457794,93.79639,99.96971,95.4763,93.23311
96.2,94.27007,98.549286,94.15222,94.97267,94.571144,96.81006,96.54281,93.7747
95.8,94.851204,96.79899,94.1704,94.3491,93.78156,96.55961,96.40013,92.84408
96.4,93.537155,91.99265,94.84213,93.85093,95.19594,95.82889,97.484085,93.22633
97.5,93.988396,96.3433,93.8486,93.68201,94.95622,95.27723,97.473816,94.40428
96.3,93.694595,95.61393,93.43263,92.3435,94.06673,95.62235,98.179474,94.28161
96.5,94.577866,88.80419,92.57282,92.631676,93.08002,95.05541,97.25229,94.39824
96.1,95.123505,95.34383,91.972694,91.39844,92.10344,94.90622,96.72485,95.90526
95.9,95.78826,96.89967,90.75603,89.33513,89.67899,94.48031,95.780716,96.030106
96,95.66045,87.10492,89.96449,88.4234,88.33279,94.971535,95.854095,94.4938
96.3,94.929794,93.34498,89.13946,86.72764,87.020004,92.557556,95.93161,93.8334
96.2,95.53966,91.36251,88.42592,85.19512,87.5857,91.73605,96.567406,94.48223
96,95.252144,90.45433,86.56045,84.77684,85.77737,91.48245,96.94837,92.91396
96.2,96.56022,98.55232,93.85329,94.50244,94.12367,96.69568,99.7089,94.79489
96.4,96.857086,96.92849,93.95305,93.989426,93.4663,97.11163,98.76452,94.543175
96.4,96.5148,92.45243,94.6329,93.447845,94.879074,96.47126,99.33074,95.24958
96.4,96.37296,96.80586,93.64515,93.34132,94.60877,95.37905,98.33857,95.82819
96.3,94.97774,95.82263,93.22162,92.02156,93.60164,94.80251,99.57607,94.64955
96.4,94.10675,89.34847,92.36609,92.2566,92.71095,92.40274,97.0868,93.45854
96,94.03251,95.90163,91.859146,91.16719,91.597305,90.38861,94.68693,93.56319
94.7,92.40434,97.49245,90.64236,89.37137,89.215614,89.33941,92.69132,91.25471
95.8,90.36858,87.61816,89.92434,88.47551,87.86061,88.12443,90.4393,89.026405
92.8,88.27305,93.70961,89.18845,86.96005,87.094124,84.58553,88.94837,86.69564
89.2,86.82142,91.69682,88.40976,85.489746,87.67288,83.71264,87.18156,85.85839
84.8,85.37757,90.8202,86.83519,85.1347,85.92986,83.60743,86.445656,84.045296
81.5,87.651886,89.18966,92.36285,90.72181,86.18779,87.75241,86.39326,85.007065
81.8,85.78506,87.83147,92.372665,89.65845,84.953316,86.07509,86.05032,82.229935
81,85.96788,83.05115,92.96899,89.49783,86.64522,85.460266,84.936874,81.84124
84.2,87.86515,87.53683,91.938225,88.59515,86.08381,84.32359,85.53345,83.069214
88,85.69285,87.46606,91.53727,87.49361,85.37741,85.36125,87.82058,83.91279
90.2,88.09865,80.92432,90.59408,88.09901,85.25933,85.457245,90.03572,86.521034
92.5,90.642944,88.58392,90.08774,87.53122,85.47398,88.49351,90.833,88.856636
93.9,93.143936,90.931564,88.99248,87.3447,85.468254,89.84762,94.061775,93.90944
96.8,94.86498,81.47857,88.71649,86.92982,86.594025,94.76399,95.792854,94.70584
99.9,95.39341,89.72177,88.346344,86.20991,86.12624,95.54207,97.82065,98.73916
99.9,95.07156,89.41202,87.08726,85.01798,88.665955,97.085526,98.94364,99.95186
99.9,93.98591,88.633675,86.45822,85.10339,87.16832,96.85565,97.90392,99.301636
99.9,99.04171,104.23722,95.08877,96.418724,98.04951,100.21367,101.08129,96.053734
99.9,99.0451,102.803505,95.480095,96.310616,98.138435,100.11323,101.263824,95.43826
99.9,98.67485,98.61637,96.23266,95.86807,99.49319,100.77667,101.85417,95.99482
99.9,98.666595,103.428665,95.42474,95.95686,99.403656,100.11766,101.6091,96.32213
99.1,98.79269,104.0321,94.96629,95.12594,97.97746,99.43335,101.47527,95.89968
99.9,98.74901,97.69492,94.24632,94.890305,97.40656,97.79528,99.80444,95.34724
98.8,98.391594,103.05474,94.012825,93.88924,96.3435,98.59863,98.19332,95.15729
98.7,99.65843,104.02175,92.69486,91.24514,94.017944,96.91152,96.65123,94.50657
98.4,99.077255,93.4977,91.54255,90.11581,92.63809,98.29743,95.88815,94.69699
97.7,97.98704,99.844124,90.37245,88.42605,92.6432,96.49313,95.50235,93.87536
98,98.450584,96.971664,90.49748,86.67356,93.180016,96.4909,96.19386,93.58831
97.5,98.15133,95.235085,87.97517,86.1809,92.334946,96.53562,95.25621,92.71828
97.1,95.80288,99.45315,94.435776,95.42897,95.58483,97.88313,98.63361,94.27676
97,96.41673,97.8743,94.46617,94.8547,94.88496,97.96403,98.4309,93.47961
95.6,95.072174,93.330826,95.144356,94.35674,96.3038,97.13455,99.60577,94.04636
96,95.357,97.55742,94.16979,94.240204,96.075134,96.71188,99.36294,95.169044
96.3,95.145775,96.60232,93.751976,92.93325,95.151855,96.85583,100.30831,94.889534
96.3,95.673645,89.55133,92.908455,93.17069,94.04408,95.869316,98.99217,94.76734
96.5,96.003876,96.31748,92.311134,91.89493,92.96688,94.957664,97.7437,96.051506
96,96.2243,97.62864,91.08027,89.56479,90.26519,94.28447,95.90176,95.71474
96,95.69957,87.75624,90.20052,88.60852,88.68426,93.95449,95.89929,94.01966
96.1,94.49107,93.89488,89.283226,86.787994,87.3055,90.97059,95.44562,93.054825
96.3,95.015396,91.94857,88.70614,85.20407,87.71617,89.85379,95.5843,93.514534
96.2,94.36037,90.944115,86.60333,84.7409,85.92457,89.620766,95.769424,91.872795
96.7,96.98953,98.47796,93.8672,94.493576,94.24378,96.878174,99.90456,94.912674
96.7,97.17675,96.92253,93.96922,93.99459,93.60249,97.33259,98.9599,94.66688
96.6,96.65152,92.44628,94.649765,93.43697,95.01241,96.695076,99.7244,95.38076
96.8,95.92217,96.91174,93.663,93.35012,94.746376,95.47478,98.60462,96.00818
96.7,94.14698,96.425125,93.23849,92.01678,93.7244,94.96044,99.8248,94.88134
96.1,92.30384,89.83399,92.38453,92.24569,92.82459,92.40361,97.25461,93.73974
96.1,91.45837,96.07817,91.88129,91.16534,91.69845,90.25815,94.82842,93.95534
94.8,88.72223,97.44595,90.66297,89.376274,89.285965,89.21238,92.8374,91.660385
95.6,85.610466,87.74667,89.94264,88.484344,87.89725,87.87258,90.768265,89.47983
93.2,83.06743,94.12518,89.20577,86.96968,87.15124,84.1087,89.1952,87.14277
90.9,81.39101,92.17375,88.42867,85.504074,87.70466,83.27264,87.60794,86.35567
85.4,80.08452,91.09603,86.86686,85.15126,85.96566,83.21901,86.92884,84.56268
84,88.7349,90.02627,92.517555,91.26342,87.12135,88.86856,86.37608,86.022316
82.8,87.44897,88.44797,92.5329,90.28226,85.93237,87.30225,86.246574,83.414185
80.6,87.2757,84.082344,93.13958,90.06063,87.59451,86.704865,85.57005,82.921326
82.7,89.291466,88.11966,92.10872,89.26046,87.08332,85.544266,86.15445,84.18234
84.7,87.07477,88.254456,91.704445,88.12443,86.34634,86.54298,87.578384,84.96688
85.9,89.43996,81.719215,90.77015,88.69229,86.1376,86.504295,89.318085,87.36711
91.4,91.60622,88.95776,90.25837,88.01331,86.184845,89.25844,90.33869,89.87675
94.2,93.68057,91.180145,89.14886,87.64418,85.88697,90.38821,93.74195,94.359695
95.5,95.07912,81.690765,88.829735,87.1575,86.69979,94.81513,95.4152,94.8616
99.9,95.46055,89.763695,88.42867,86.31134,86.14769,95.18785,97.19238,98.42176
99.9,94.90268,89.80267,87.20138,85.087204,88.412575,96.455475,98.231926,99.6183
99.9,93.94377,88.30075,86.49189,85.10053,86.86666,96.11557,96.83425,98.87504
99.9,99.29358,103.90091,94.92448,96.30429,98.33885,100.146065,101.10979,96.21897
99.9,99.24356,102.79056,95.35222,96.26372,98.45682,100.404724,101.44675,95.56399
99.9,98.630295,99.42964,96.114006,95.788734,99.77887,101.23848,101.901375,96.03823
99.9,98.498764,103.16286,95.30069,95.91839,99.70178,100.586685,101.66295,96.51766
99.9,98.69639,103.21634,94.83813,95.089264,98.19267,99.5368,101.54042,95.94717
99.9,98.2752,98.26299,94.1172,94.81142,97.73201,98.22943,99.81653,95.47048
99.8,97.96477,102.425316,93.93139,93.85378,96.65098,98.91848,98.02338,95.49192
98.7,99.14148,103.88317,92.60597,91.33673,94.357864,97.002174,96.4359,94.73616
98.6,98.38596,94.3448,91.50427,90.23213,92.941475,98.6428,95.7245,94.93502
98.3,97.30975,99.61079,90.42623,88.58228,93.11272,96.66052,95.262184,94.10521
98.9,97.88742,96.88474,90.44829,86.88074,93.55683,96.55467,95.939026,93.804276
99.3,97.40037,95.21057,88.2105,86.37035,92.75418,96.69714,95.099434,92.95979
99.2,95.9872,100.894806,94.6396,95.835594,96.64608,98.98187,100.53031,94.91467
97.4,96.584305,98.821075,94.67881,95.309105,96.04748,99.435326,100.17301,94.36774
98.9,95.329056,94.381096,95.361435,94.7984,97.418365,98.61617,101.83771,95.15209
96.6,95.549866,98.898605,94.402275,94.74569,97.20771,98.248634,101.32533,96.244774
98.5,95.43361,97.94276,93.98123,93.44934,96.25068,98.13403,101.64292,95.63328
97.1,95.8758,90.8753,93.15038,93.64429,95.0345,96.86548,99.5919,95.14283
97.1,96.23778,97.43045,92.55585,92.341,93.85533,95.17376,98.07841,96.21695
96.9,96.48193,98.45078,91.317245,89.753334,90.88575,94.136185,94.88895,95.06634
97,95.861885,88.34854,90.37123,88.757256,89.026474,92.96728,94.93212,93.20997
97,94.676796,94.55516,89.38217,86.826324,87.59303,89.382385,93.78098,91.68093
97.1,95.14198,92.50871,88.91458,85.19982,87.82492,87.92276,93.74399,91.88903
97.2,94.4326,91.13741,86.622116,84.70133,86.04145,87.79045,93.38348,90.213745
97.2,96.975075,98.93348,94.063446,94.92093,95.07876,97.682785,99.73417,94.66491
97.2,97.61177,97.047295,94.134125,94.39898,94.424324,98.137405,98.922714,94.2379
97.4,96.53631,93.06937,94.814835,93.849976,95.80766,97.42201,100.32539,94.91352
97.4,96.80258,96.82752,93.82919,93.76888,95.560776,96.46431,99.45376,96.00833
97.3,96.036255,96.70462,93.40418,92.42651,94.557816,96.27566,100.35811,95.25721
96.6,96.04668,89.79521,92.55355,92.65558,93.55665,94.29889,98.29514,94.777336
96.8,96.12685,96.4641,92.01184,91.49104,92.410484,92.430244,96.52862,95.97253
95.7,95.51638,97.47141,90.78984,89.472336,89.79898,91.64013,94.30355,94.3822
96.6,94.23396,87.349075,90.017204,88.54394,88.23125,90.28202,93.73563,92.65738
92.9,92.252235,93.98529,89.22077,86.90165,87.22649,86.575935,92.31907,90.93808
91,91.69662,92.61632,88.49992,85.390884,87.64064,85.48637,92.078316,90.91929
84.9,90.35679,90.08758,86.76357,84.98608,85.86952,85.46145,91.62896,89.24808
85.4,88.32961,89.6707,92.67258,91.30802,86.92339,88.42625,85.68266,84.91435
86.7,87.05364,87.92804,92.66248,90.242836,85.670876,86.769745,85.54648,82.217896
83.3,86.83141,83.834755,93.27156,90.07574,87.369,86.09064,85.12047,81.71106
83.4,88.781006,87.55956,92.236435,89.18116,86.82391,84.98451,85.710724,82.829216
86.9,86.878654,87.65331,91.83896,88.08287,86.11399,86.2588,86.59209,83.67722
82.2,89.42128,81.07379,90.90354,88.671974,85.97224,86.49309,87.97452,86.22009
89.2,91.64421,88.60903,90.35822,87.96185,86.170235,89.75755,89.3857,88.66781
92.8,94.00838,90.94653,89.240036,87.60037,86.04287,91.30738,92.73325,93.61646
95.1,95.651436,81.322685,88.88477,87.118935,87.0604,96.0826,95.300415,94.661896
99.1,96.287254,89.6242,88.45086,86.26885,86.38994,97.01719,97.22643,98.71209
99.9,96.03847,89.88415,87.2474,85.02594,88.81006,98.357605,99.050644,100.07782
99.9,95.31996,88.13026,86.42901,85.02466,87.29651,98.15422,97.91879,99.56655
99.9,99.2789,103.805374,94.53913,95.94339,98.31746,100.15933,101.06981,96.57867
99.9,99.16631,102.25394,94.97522,95.94,98.42111,100.82554,101.73818,95.87543
99.9,98.40041,99.3557,95.736626,95.39341,99.68912,102.29785,102.038994,95.80419
99.9,98.205376,101.70881,94.888176,95.57398,99.58642,101.031075,101.717316,96.667336
99.9,98.046616,102.74825,94.42516,94.65347,98.023125,99.49507,101.5607,96.39429
99.9,97.28364,97.26756,93.68336,94.39167,97.59214,98.14433,99.77263,96.06287
99.9,96.950584,101.311584,93.512955,93.4556,96.37663,98.90312,97.7408,96.674416
99.9,97.63862,103.13153,92.19475,91.13234,93.93822,95.59888,96.067825,96.54041
99.9,96.46571,94.05707,91.2101,90.06774,92.28408,97.32323,95.49282,96.14014
99.9,95.61631,98.67736,90.29303,88.45402,92.595795,95.121994,94.86178,95.45768
98.7,96.05581,96.090004,90.07041,86.85323,92.839035,94.55001,95.55246,95.71682
98.2,95.266815,93.28006,88.230484,86.34356,91.86969,94.2763,94.766556,94.886696
98.2,97.90384,100.29607,94.898315,95.99259,96.55084,98.78401,99.864235,94.56956
98.3,98.436226,98.51845,94.940765,95.453,95.94285,99.09116,99.58296,93.95032
98.9,97.31131,93.810715,95.62255,94.99762,97.434875,98.12288,100.60325,94.68799
99.5,97.38291,98.06833,94.684395,94.898094,97.20251,97.91778,100.50813,95.89083
97.3,97.047745,97.31118,94.26688,93.67158,96.26828,97.85737,101.28306,95.35222
97.6,97.03809,90.31172,93.44885,93.850914,95.0216,96.38973,100.00945,95.05296
99.2,97.2103,96.86317,92.8519,92.52489,93.9177,94.7975,98.44806,96.34937
98.6,96.65665,98.2266,91.604355,89.82949,90.99849,93.89971,95.79194,95.423904
98.3,95.3851,88.3315,90.5786,88.82982,89.30338,93.0316,95.43337,93.60458
98.4,93.64898,94.424675,89.49702,86.83879,87.78093,89.63946,94.87949,92.32012
98.6,93.55767,92.38951,89.17098,85.16961,88.14776,88.36579,94.71983,92.6902
98.7,92.373566,91.22392,86.63467,84.65834,86.425316,88.10224,94.47411,90.99224
98.6,98.500046,100.73621,94.61163,95.67426,96.43059,98.894714,101.24785,95.119156
98.8,99.03549,98.686745,94.68392,95.17816,95.87529,99.61335,100.34106,94.86095
99.9,97.97849,94.63088,95.37187,94.66571,97.28691,98.81861,101.82425,95.69233
99.9,98.0993,98.85123,94.42009,94.61502,97.0472,98.10289,101.129295,96.64373
99.9,97.36288,97.07453,93.996574,93.342064,96.0379,97.75144,101.56508,95.671936
99.8,97.16695,90.75974,93.171715,93.51201,94.87732,95.50769,99.26932,94.82362
99.3,97.12259,97.05039,92.613754,92.25897,93.68045,93.09717,97.446045,95.67065
98.4,95.97014,98.52029,91.36905,89.791214,90.77381,92.01077,94.032036,93.51987
99.9,94.31948,88.77884,90.42872,88.79703,88.98968,90.10236,93.080055,91.53956
99.9,91.95914,94.35933,89.44902,86.946396,87.77436,86.08537,91.518585,89.38121
99.5,91.3336,92.256096,88.99078,85.334,88.06654,84.67392,91.17766,89.05992
98.6,89.73844,91.416916,86.759445,84.8564,86.35068,84.63226,90.24046,87.324135
96.6,97.08559,100.88818,94.8661,96.06954,96.904305,99.22259,100.917244,95.163864
99.4,97.6349,98.869774,94.92333,95.564186,96.34986,99.86146,100.2859,94.78283
98.1,96.554306,94.43254,95.60908,95.09566,97.79885,98.96319,101.54636,95.71343
99.2,96.57881,98.69837,94.672226,95.02717,97.5688,98.63926,101.27036,96.75253
97.6,96.53772,98.0862,94.25116,93.80807,96.59497,98.29847,101.56828,95.92816
99.9,96.70195,90.72348,93.43563,93.96361,95.34308,96.45543,99.81702,95.216255
99.9,96.9683,97.484856,92.85446,92.6474,94.177124,94.23755,98.19007,96.209724
99.9,96.90848,98.55593,91.60574,89.91082,91.16499,93.14658,94.68824,94.45353
99.9,95.98148,88.31718,90.58602,88.893005,89.343636,91.4816,93.92879,92.49834
99.9,94.51094,94.58422,89.513054,86.896645,87.89887,87.71159,92.831,90.60355
99.9,94.75881,92.79134,89.18396,85.224,88.17633,86.18331,92.58003,90.58961
99.9,93.74356,91.02324,86.67681,84.709206,86.471054,86.05098,91.68408,88.863945
99.9,100.15165,102.05364,95.091484,96.30921,97.57335,99.94117,102.35609,95.759125
99.9,100.30426,100.594536,95.174805,95.84782,97.13673,100.912926,101.009026,95.51851
99.1,99.890976,95.74778,95.865036,95.375916,98.586395,100.11569,102.33298,96.40592
99.9,99.33951,100.53569,94.955,95.350716,98.34462,99.48324,101.865944,96.88608
98.7,98.01115,99.02258,94.53025,94.15885,97.32964,98.88607,101.56882,95.86876
99.2,95.94087,91.80668,93.73336,94.26947,96.03622,96.14143,99.25699,94.444405
97.4,94.96573,98.249176,93.17666,92.96688,94.83396,93.038155,97.57885,94.26026
99,91.0312,99.50236,91.9191,90.068756,91.72527,91.63778,93.12018,92.03603
97.9,87.81652,89.96959,90.8234,89.025795,89.80569,89.12746,91.15086,89.450424
96.7,84.854004,95.36573,89.66164,86.98533,88.42427,84.74028,89.47923,86.946724
96.7,82.84136,92.60971,89.48862,85.274574,88.67344,83.11342,89.0156,86.09309
96.7,81.12398,92.74075,86.76998,84.751144,87.05689,83.15043,87.15021,84.208405
96.3,95.46685,98.73114,94.164734,94.972115,94.71802,97.025856,96.998604,93.94726
96.1,96.10517,97.54299,94.19181,94.36364,93.955,96.89844,96.790794,93.05538
97.4,94.7208,92.653366,94.86548,93.85672,95.37134,96.12508,98.0282,93.41848
95.4,95.076164,96.608536,93.87465,93.704124,95.12924,95.52877,97.894585,94.53346
97.5,94.743904,95.660385,93.45695,92.36024,94.218254,95.84123,98.64269,94.42405
94.8,95.347664,88.85105,92.59994,92.63834,93.21596,95.0085,97.56994,94.48035
97,95.68242,95.72355,92.00912,91.419,92.20454,94.563866,96.926056,95.870575
96.4,95.886406,97.60128,90.79014,89.353615,89.727806,94.142525,95.71778,95.87392
95.7,95.45384,87.90368,89.994415,88.44072,88.33242,94.28344,95.93693,94.295
95.9,94.26909,93.74136,89.16615,86.75086,87.0652,91.62071,95.835335,93.5586
95.4,94.77691,91.29814,88.461494,85.2198,87.59956,90.75229,96.40646,94.05671
95.9,94.17459,90.974945,86.60013,84.80296,85.79554,90.52602,96.73055,92.456085
95.4,96.510086,98.0413,93.78598,94.31088,93.78317,96.3235,99.25113,93.96082
95.7,96.79101,95.75401,93.88266,93.78123,93.103745,96.603806,98.14746,93.648476
95.6,96.30638,91.79046,94.55974,93.2368,94.52429,95.95473,99.00307,94.20481
96,95.83778,95.80853,93.568436,93.11756,94.247284,94.842896,98.03848,95.06616
95.7,94.2196,95.40286,93.145905,91.778275,93.253654,94.356064,99.33634,93.92302
95.4,92.90299,88.85393,92.28626,92.03231,92.38953,92.04704,97.13508,93.181854
96.8,92.59087,95.361946,91.77942,90.97166,91.30763,90.26439,95.27384,93.90454
96.6,90.44447,96.65464,90.56679,89.26425,89.013306,89.311005,93.44333,91.81122
99.5,87.8826,86.840996,89.87001,88.39142,87.73902,88.42112,91.95299,90.07256
99.9,85.724525,93.38864,89.15475,86.92166,86.99907,85.00888,90.63566,88.14883
99.7,84.21414,91.94239,88.34655,85.47051,87.641235,84.29048,89.29848,87.649345
97.7,82.88688,89.85747,86.82865,85.13771,85.890884,84.1527,88.660545,85.96557
95,99.787796,100.840256,94.78233,95.816216,96.831314,99.53478,102.41992,94.64988
89,99.62021,99.04869,94.92668,95.42358,96.44167,100.635925,100.95581,95.11067
88.1,99.1426,95.22642,95.62866,94.931694,97.90639,100.29018,100.54304,93.48727
84.9,99.169395,98.91309,94.71052,94.909294,97.666855,98.573235,100.56521,94.17091
85.3,97.17181,98.583885,94.27985,93.751595,96.52329,98.01833,99.632454,92.152336
86.9,95.67564,91.78061,93.481224,93.81698,95.42578,94.27933,96.55442,89.95229
92,93.800835,97.9408,92.998695,92.62078,94.22158,91.206345,94.20625,88.470505
96.5,90.10682,99.29814,91.73384,90.117134,91.31494,89.693886,89.367516,86.16767
97.9,86.58303,89.37607,90.732,89.08957,89.555595,86.8756,84.32287,82.68888
99.9,82.21007,95.40578,89.69248,87.26266,88.67076,82.47427,82.84135,79.55772
99.9,79.772385,93.7462,89.378914,85.617714,88.99106,81.0223,80.74846,78.52642
99.9,77.90487,91.702065,87.06293,85.13841,87.488266,81.178375,78.70128,76.94806
99.9,100.34064,102.02679,94.815155,96.03274,98.51901,100.31532,101.22426,97.10022
99.9,99.841934,101.67217,95.14857,95.93832,98.52796,100.93584,102.160416,96.41273
98.3,98.36526,99.53249,95.891525,95.39401,99.855545,102.37058,102.37248,96.47748
99.9,97.99799,101.325455,95.03256,95.54786,99.724945,100.60855,101.90761,97.27044
97.3,98.463066,100.98871,94.57522,94.55393,98.21533,99.648834,101.61034,96.85057
97.9,97.458984,96.56061,93.82694,94.35898,97.51363,98.15506,99.628006,96.299164
97.7,96.97618,101.174545,93.561195,93.361595,96.33763,99.36298,97.314804,96.678696
96.8,98.17763,102.72333,92.255005,90.924,93.659836,96.903854,95.47739,96.23369
96.5,97.16903,93.55378,91.22135,89.85924,91.8745,98.40067,94.9238,95.66749
96.2,96.18315,98.70168,90.20796,88.161766,91.82574,96.58267,94.18341,94.68962
96.1,97.09416,96.91044,90.029366,86.52615,92.03926,95.71893,94.64013,94.7065
96,96.35342,94.15293,87.9917,86.01954,91.03494,95.45704,94.16752,93.86358
96.1,94.98412,98.06285,93.738434,94.48086,94.07139,96.59477,96.31772,93.86731
95.7,95.6676,96.54356,93.77206,93.87647,93.28571,96.547905,96.02669,92.96213
94.1,94.161934,91.83613,94.43928,93.33141,94.6505,95.80091,97.436424,93.29075
96.1,94.620674,96.45986,93.43037,93.18103,94.40749,94.97268,97.32219,94.33633
95.3,94.27406,95.04656,93.006096,91.78496,93.47236,95.356926,97.37045,94.2499
95.6,95.062294,88.72254,92.13387,92.09335,92.56919,94.46693,96.22415,94.31419
94.6,95.343094,95.05273,91.568596,90.94841,91.570755,93.94972,95.95422,95.689095
94.4,95.77026,96.78821,90.37132,89.15406,89.23742,93.83702,94.858185,95.69495
94.6,95.58021,87.29837,89.70091,88.28233,87.90386,93.652466,95.309845,94.21589
94.2,94.363335,93.22503,89.00107,86.72401,86.81802,90.90369,95.08412,93.49345
94.8,95.04506,91.047935,88.12538,85.26216,87.38211,90.062775,95.94046,93.94067
94.8,94.54813,90.91457,86.62329,84.90004,85.56244,90.02123,96.082016,92.372185
95.1,94.97604,97.38354,93.23449,93.62668,92.762085,95.49973,98.516594,94.59326
94.7,95.111435,96.03166,93.356255,93.12747,92.083206,95.802124,98.09499,94.33696
95,94.81035,91.353165,94.02098,92.539696,93.457245,95.26688,99.236664,94.87228
95,94.590645,95.903656,93.016495,92.43508,93.1887,93.920906,98.196014,95.29912
95,92.8502,95.3108,92.58711,91.05412,92.17302,93.325005,98.77743,94.07978
95.1,91.9846,88.937126,91.71095,91.34028,91.43196,90.96069,96.404106,92.7635
96.5,91.95389,95.38563,91.25365,90.39545,90.37513,89.129715,94.830185,92.54298
96.3,90.57219,97.1248,90.07185,89.01025,88.29042,88.14918,93.29208,90.291115
99.4,88.47366,87.32082,89.5263,88.20303,87.13687,87.22918,92.52693,87.930336
99.9,86.56141,93.7311,88.96158,86.89158,86.6711,83.79822,91.08926,85.58679
99.9,85.13381,91.53859,87.975464,85.53204,87.39721,83.219574,89.74953,84.57788
99.7,83.91164,90.96024,86.873924,85.28059,85.62698,83.14751,89.085724,82.73806
97.5,99.76546,102.15488,94.841156,96.00642,97.708496,100.49767,103.04831,96.06649
91,99.54503,100.37415,95.008026,95.66532,97.43009,101.588806,101.74792,96.30067
84.8,99.07882,96.584404,95.716225,95.14487,98.81025,101.75563,101.03862,96.185776
84.9,99.212234,100.47684,94.80885,95.185234,98.58697,99.641426,100.800064,96.85807
83.9,97.09226,99.94195,94.37202,94.02214,97.37561,99.13719,100.76699,95.54317
85.2,95.75245,93.23653,93.58296,94.04654,96.27567,95.136734,97.80359,93.93672
89.4,93.58846,99.441376,93.12445,92.86823,95.007065,92.439995,94.665955,93.86727
98.4,89.93119,100.59145,91.8548,90.259605,91.97302,90.11729,90.85645,91.07166
99.9,86.32685,90.478775,90.83018,89.20573,90.01053,87.6398,85.250626,88.81601
99.9,81.615715,96.4083,89.76853,87.358475,89.206215,83.09754,84.035614,85.81311
99.9,79.16257,94.32714,89.50572,85.7003,89.39051,81.565735,82.60587,84.89121
99.9,77.27797,92.355286,87.15359,85.20871,87.9338,81.41058,80.88574,83.43564
99.9,100.34169,102.36132,94.8851,96.15234,98.91621,100.142845,101.31377,97.057846
99.9,99.87685,103.1215,95.23178,96.085846,98.94844,101.0681,102.171005,96.36345
99.9,98.287544,100.444855,95.979,95.54922,100.292336,102.306625,102.39718,96.09389
99.9,97.67536,101.09575,95.12968,95.71254,100.16882,100.9214,101.90537,97.063255
99.9,98.43454,101.19436,94.66804,94.75056,98.61176,100.12152,101.702225,96.87502
99.9,97.320045,97.498825,93.9286,94.51778,97.93331,99.25159,99.75227,96.47601
99.9,96.883736,101.71825,93.6846,93.535324,96.809975,100.98811,97.405266,97.12972
99.9,98.15015,104.76563,92.372665,91.05539,94.16066,99.36569,95.60616,97.14724
99.9,97.0549,96,91.32175,89.99389,92.40169,101.14687,94.93242,96.43282
99.4,96.195045,100.29956,90.297554,88.27623,92.36311,100.05398,94.254845,95.62659
99,97.36315,97.12165,90.15051,86.62432,92.57214,99.04718,94.67393,96.01515
98.6,96.50749,95.65992,88.13872,86.10068,91.68027,99.234024,94.28394,95.191284
98.2,97.792755,100.6044,94.88843,96.0197,96.70771,98.96113,100.24693,94.70543
97.4,98.33734,98.73463,94.9319,95.48863,96.11641,99.34046,99.88595,94.14691
98.4,97.21073,94.21593,95.614334,95.02205,97.58321,98.39806,101.104546,94.924484
96.3,97.29681,98.368744,94.675514,94.93917,97.35626,98.16803,100.88007,96.11857
98.7,96.968475,97.56229,94.257,93.70282,96.41357,98.067665,101.4666,95.50333
96.1,96.972534,90.537506,93.438965,93.879486,95.15761,96.57584,99.931946,95.12009
97.7,97.16098,97.15481,92.843285,92.554436,94.030205,94.85799,98.371254,96.37383
97.5,96.63105,98.47562,91.596115,89.84142,91.06994,93.88552,95.46009,95.25611
95.8,95.3895,88.47822,90.57286,88.83745,89.31409,92.85956,95.112076,93.40976
96.2,93.683266,94.602295,89.49457,86.84153,87.8,89.347305,94.33562,91.98843
98.1,93.61417,92.56989,89.16404,85.17385,88.12454,88.00524,94.19763,92.297554
96.5,92.44449,91.26242,86.63701,84.66042,86.39659,87.77445,93.804924,90.59807
96.7,96.86053,98.87516,94.02921,94.86481,94.86087,97.45406,99.75331,94.42992
97.1,97.41103,96.52925,94.104774,94.34658,94.19964,97.869385,98.89487,94.11224
96.9,96.57861,93.10606,94.78531,93.79491,95.59382,97.19592,100.01901,94.94867
96.5,96.75823,96.41528,93.79945,93.71196,95.33771,96.21236,99.1273,96.100136
96.6,95.67847,96.43898,93.3754,92.37914,94.33939,95.92376,100.04413,94.98423
96.6,95.34156,89.644516,92.52391,92.6112,93.36366,93.857864,97.96061,94.395035
98.6,95.451256,95.75711,91.987885,91.44825,92.227905,92.00396,95.907875,95.64732
98.8,94.35704,96.73331,90.766525,89.467674,89.67044,91.07706,93.81275,93.50523
99.9,92.722435,86.81233,90.0023,88.54148,88.159386,89.85434,92.58066,91.80999
99.9,90.75405,93.3609,89.21544,86.914345,87.19317,86.19525,91.13215,89.87405
99.9,89.76817,92.56912,88.48667,85.41275,87.64723,85.16994,90.48135,89.76135
99.9,88.35238,89.40938,86.77334,85.01347,85.886314,85.0805,89.87792,88.076965
97.9,100.15119,102.05926,95.00808,96.17048,97.73242,100.3664,103.33326,95.1455
93,99.96628,100.16619,95.13058,95.76638,97.38256,101.57657,101.41933,95.46109
89.3,99.49075,96.24132,95.829506,95.2698,98.80561,101.152245,101.52581,94.12544
89.9,99.31124,100.15064,94.923386,95.27732,98.56902,99.68199,101.10987,94.65715
92,97.6047,99.26789,94.49226,94.09629,97.45032,99.142914,101.00206,92.95374
94.4,95.83687,92.56942,93.70121,94.164154,96.23465,95.528755,98.19498,90.74435
94.8,94.14338,98.77733,93.19186,92.92389,95.00122,92.12759,95.516624,89.048225
99.9,90.25402,100.021385,91.92736,90.16415,91.906555,90.52567,90.94793,87.082146
99.9,86.52626,90.16526,90.85659,89.1148,89.95328,87.43548,85.94034,83.4098
99.9,82.43339,95.94107,89.73025,87.17013,88.851166,82.65758,84.29087,80.30462
99.9,79.896805,93.77226,89.53097,85.481834,89.0648,81.021645,82.92995,79.14487
99.9,78.134796,92.237785,86.96891,84.97378,87.54217,81.20519,80.76122,77.450615
99.9,101.58255,102.11073,95.13152,96.17554,98.1168,100.66091,101.96465,97.586815
99.9,100.77684,101.86911,95.34376,95.90546,97.96627,101.16584,101.93679,97.04
99.9,98.85312,97.82443,96.060165,95.40145,99.39067,101.92916,101.52985,98.17465
99.9,98.584,100.69809,95.19325,95.46788,99.19574,99.48602,101.08369,98.62441
99.9,98.802185,101.17501,94.75094,94.3941,97.89817,98.8919,101.29944,97.47809
99.9,97.976234,95.60424,93.9905,94.333824,96.86774,95.485535,98.760666,96.18636
99.9,97.64135,100.97928,93.586784,93.21092,95.70687,94.42377,95.68561,96.16658
99.9,98.57301,102.74823,92.30015,90.5577,92.8119,92.10423,93.25481,94.02521
99.9,97.02445,92.83178,91.18562,89.49077,90.99151,91.45799,89.99956,92.72018
99.9,95.98714,98.83037,90.024414,87.66533,90.36346,88.10841,89.33654,90.79493
99.9,96.422615,96.09299,89.95906,85.96519,90.65752,87.11282,88.70407,90.05296
99.9,95.650566,94.41264,87.4493,85.46902,89.45902,87.03392,88.01325,88.78393
