real,dense,lstm,gru,bilstm,action,bigru,attengru,Auto
19.550415,21.110899,20.965925,19.550415,20.064913,19.51345,21.302227,19.845043,21.670736
19.578396,20.56347,21.466805,19.578396,20.159977,20.035566,21.578836,19.598774,21.906971
20.045164,21.521114,21.442966,20.045164,20.49082,20.181664,22.150738,20.641613,22.358927
19.857533,22.01991,21.304482,19.857533,20.175152,20.769873,22.170263,20.496325,21.87425
19.713114,21.658695,21.186155,19.713114,20.36835,20.612896,22.375805,20.431482,22.34974
19.067692,20.742832,20.33202,19.067692,19.72171,19.861603,21.18519,19.595093,21.664865
19.095406,19.83746,19.66486,19.095406,18.72935,18.708052,19.743595,18.881279,20.729387
18.168383,18.977295,19.084654,18.168383,17.9587,18.265148,19.121439,17.971281,19.708643
18.061287,18.760508,19.077332,18.061287,17.386728,17.829266,18.1988,17.071953,19.717432
16.951483,17.8805,17.763618,16.951483,16.972784,16.663218,15.800288,16.060059,18.449799
16.171713,16.05248,16.562471,16.171713,15.791376,15.758962,14.267108,14.651312,17.788294
14.972478,15.755175,15.736289,14.972478,14.821034,14.572777,13.454575,13.864583,16.48095
14.940686,15.544658,14.51465,14.940686,14.173254,14.089352,12.602374,12.62134,15.93478
13.89593,14.012382,14.214006,13.89593,13.58134,14.095077,13.3423,13.072991,15.556317
14.113404,13.656294,14.2430935,14.113404,13.665573,13.672337,14.01532,13.020764,15.184868
13.721652,13.852969,13.609507,13.721652,13.171218,13.604322,14.077857,12.965721,15.028665
13.407883,12.320882,13.471138,13.407883,13.3568945,13.495699,13.905634,13.08691,14.428776
13.585327,14.13898,12.817126,13.585327,13.238909,13.47324,13.608185,12.533578,14.258992
13.763888,13.718192,13.863151,13.763888,13.216882,13.561994,13.653222,12.890275,14.004075
14.290401,13.157254,14.095597,14.290401,13.531327,13.543699,13.891151,12.92344,13.924499
15.265836,14.491713,13.662277,15.265836,14.003129,14.014004,13.847193,12.834339,13.795983
15.353695,15.068096,13.998811,15.353695,14.455297,14.712684,14.222534,13.42656,13.752771
16.124613,14.511148,14.20268,16.124613,14.90581,14.754698,13.787127,13.209054,14.411017
16.133722,14.609875,14.719179,16.133722,14.681853,14.979027,13.8706255,13.751888,14.934984
15.631188,15.3376045,15.682618,15.631188,14.816443,15.387962,13.607481,14.88582,15.328099
15.46825,13.740735,15.535198,15.46825,14.951706,15.843975,13.906482,14.820931,14.781878
15.6504135,12.969197,16.028133,15.6504135,14.881149,15.677381,14.369005,14.7009325,15.274119
15.605153,15.826957,15.942055,15.605153,14.681647,15.62314,14.128405,14.8287115,15.553635
15.37031,14.004567,15.588252,15.37031,14.727992,15.724627,14.515334,14.410575,15.528433
15.211458,14.852683,15.450792,15.211458,14.268543,15.387628,13.544832,14.765421,15.104923
14.935163,16.358562,14.687922,14.935163,13.873191,14.848058,13.577512,13.921345,15.23428
14.509499,12.66067,14.442919,14.509499,13.661517,14.677861,13.3246765,14.330946,14.545518
14.366798,13.953264,14.182715,14.366798,13.554987,14.538109,13.355011,14.276663,14.665111
14.002466,12.968473,13.704686,14.002466,13.093858,13.936981,13.267212,13.912298,13.980032
13.478097,13.214477,13.065449,13.478097,12.533019,13.654889,12.864166,13.679025,13.994834
12.993215,13.650502,12.327029,12.993215,12.193543,13.016117,12.708891,13.798426,13.543664
12.469784,12.814302,12.590337,12.469784,12.010357,13.030866,12.561449,13.372107,13.732112
12.706314,11.253805,12.2045,12.706314,11.422343,12.930777,12.88233,13.283721,13.483778
12.70665,13.137761,11.9863405,12.70665,11.849934,12.832686,13.044379,13.128853,13.943801
12.639435,12.744692,12.253319,12.639435,11.917773,12.847945,13.1075115,13.380408,14.015624
12.975418,14.591019,12.447077,12.975418,12.474382,13.130048,13.468139,13.589692,13.689163
14.292593,14.134401,13.484221,14.292593,13.350849,13.955599,14.973021,14.127297,14.650008
15.292075,16.987091,14.375435,15.292075,14.50489,14.65846,16.320522,15.961849,15.3212
16.84815,18.267916,15.8419075,16.84815,15.823224,15.958744,17.987091,16.341799,16.06562
18.301947,19.72457,15.966061,18.301947,17.365952,17.293596,19.587076,17.739965,17.060303
19.349455,21.250626,18.043222,19.349455,18.734524,18.47785,20.842188,19.4901,18.224728
20.411411,20.88543,18.485186,20.411411,19.776491,19.252386,21.938772,21.205116,18.599733
20.675568,21.11821,19.502296,20.675568,20.16529,19.86021,22.917587,21.914305,19.636549
19.085655,20.877842,21.182112,19.085655,19.51867,18.706993,20.807999,19.23316,21.36586
19.145624,20.139515,21.54858,19.145624,19.628508,19.193735,21.120672,18.956156,21.5027
19.49925,21.452621,21.369251,19.49925,19.851408,19.108501,21.429384,19.729843,21.957663
19.316717,21.470535,21.25598,19.316717,19.517042,19.757914,21.465809,19.620275,21.517136
19.279995,21.459486,21.242458,19.279995,19.748257,19.577496,21.61552,19.681614,21.992014
18.61775,20.93678,20.351507,18.61775,19.208994,18.956738,20.687931,18.926964,21.333933
18.72986,19.748774,19.776033,18.72986,18.299498,17.964722,19.246433,18.366922,20.558094
17.938904,19.408066,19.236675,17.938904,17.550991,17.638668,18.8134,17.45411,19.572687
17.78467,18.73171,19.384947,17.78467,17.013935,17.309395,17.894829,16.854742,19.628777
16.751102,18.052887,17.992485,16.751102,16.719114,16.134747,15.367653,15.846136,18.424833
16.162687,16.2004,16.83624,16.162687,15.687548,15.4414625,13.898647,14.553967,17.888012
14.952424,15.871832,16.045769,14.952424,14.723909,14.372593,13.308459,14.029725,16.717497
14.970408,16.02293,14.620684,14.970408,14.218889,13.985114,12.547654,12.803191,16.293983
14.02768,14.505349,14.374706,14.02768,13.730248,14.102539,13.438696,13.340977,15.904485
14.391929,14.141374,14.631602,14.391929,13.931306,13.675764,14.2689495,13.157593,15.636202
14.077109,14.232293,13.953143,14.077109,13.476646,13.815297,14.43691,13.180902,15.540349
13.875908,12.768242,14.012748,13.875908,13.739655,13.817589,14.247274,13.210953,15.000978
14.2389,14.965031,13.370716,14.2389,13.710178,13.908672,13.973904,12.756636,14.936589
14.559725,14.437374,14.777352,14.559725,13.706896,14.077252,14.1829815,13.11396,14.81374
15.218681,14.066109,14.906038,15.218681,14.321734,14.068831,14.453697,12.9448595,14.754119
16.364304,15.252404,14.6250515,16.364304,14.801439,14.740999,14.625204,13.201763,14.705923
16.452044,15.877426,14.973803,16.452044,15.251205,15.517314,14.91012,13.666846,14.786324
17.327747,15.08455,15.164751,17.327747,15.733023,15.590744,14.516352,13.791664,15.338948
17.332832,15.232603,15.5832815,17.332832,15.502496,15.737631,14.394879,14.32564,15.904553
16.128414,15.30613,18.64793,16.128414,15.885724,15.346228,13.370522,13.801287,15.751989
16.173431,16.510159,18.76255,16.173431,16.038687,15.955028,13.940443,14.108044,15.254635
16.392494,16.120975,19.287472,16.392494,16.099962,15.71584,14.387801,14.420957,15.756731
16.254768,16.559828,19.164112,16.254768,15.792331,15.830896,13.941717,14.338962,15.973269
16.004328,15.076404,18.589077,16.004328,15.846245,15.81617,14.08249,13.683144,15.987369
15.814957,16.312872,18.306252,15.814957,15.430467,15.535071,13.774124,14.467867,15.562309
15.878828,15.900889,17.552425,15.878828,14.867202,14.816475,13.713514,13.617648,15.679198
15.34925,15.820053,16.865774,15.34925,14.336387,14.696845,13.671573,13.884093,14.954387
15.08183,14.511877,16.597332,15.08183,14.271982,14.489508,13.3984785,14.363662,15.078093
14.5285845,14.444362,15.964481,14.5285845,13.774618,13.712877,12.574175,13.566155,14.355105
14.025043,13.922996,15.126069,14.025043,13.093512,13.478571,12.465162,13.672092,14.376063
13.125152,12.379388,14.269328,13.125152,12.46692,12.57661,12.473452,13.682234,13.907942
13.008839,12.802013,14.1532,13.008839,12.28601,12.779452,12.715213,13.21003,14.099195
12.603681,12.738398,13.668942,12.603681,11.603398,12.8529,12.843004,13.230666,13.825619
12.947528,11.529775,13.2014675,12.947528,12.058173,12.676755,13.449666,13.9435425,14.270546
12.740501,11.774735,13.160817,12.740501,11.850986,12.881257,13.356705,14.277503,14.358571
12.880206,14.941223,12.915018,12.880206,12.288681,13.094267,13.445112,14.611766,14.006443
13.825321,13.210632,13.625543,13.825321,12.8055525,13.756011,14.470702,15.404971,14.949635
14.580742,14.619717,13.96441,14.580742,13.603165,14.167704,15.515107,17.633204,15.57247
15.749399,15.788488,14.695975,15.749399,14.617255,15.01777,16.635338,17.52419,16.24196
17.249496,18.790667,14.522669,17.249496,15.828162,16.307465,17.157719,19.103886,17.150568
17.82182,17.242205,16.14105,17.82182,16.901443,17.346832,18.669432,20.454622,18.230267
18.901583,18.35994,16.313591,18.901583,17.66209,17.840948,19.949413,22.577005,18.577707
19.108755,20.12542,17.13798,19.108755,18.160143,18.167078,20.850605,22.987654,19.590797
19.328093,20.934435,20.669342,19.328093,19.799276,19.20828,21.53205,19.605913,21.465992
19.331638,20.565348,21.129486,19.331638,19.888203,19.723957,21.63057,19.308332,21.66512
19.779924,21.08903,21.124086,19.779924,20.182512,19.813417,22.204643,20.27431,22.118853
19.604897,21.908031,20.983261,19.604897,19.888344,20.390745,22.191996,20.125462,21.652658
19.467596,21.441818,20.850042,19.467596,20.070751,20.244923,22.524626,20.123907,22.12549
18.837196,20.633175,20.046432,18.837196,19.430002,19.527748,21.255344,19.310791,21.450516
18.848757,19.701347,19.374422,18.848757,18.481134,18.421068,19.87421,18.686653,20.575914
17.954992,18.827864,18.817205,17.954992,17.763567,18.012402,19.234282,17.799885,19.56467
17.854033,18.57134,18.805578,17.854033,17.216148,17.616003,18.338285,17.002136,19.597261
16.785852,18.004044,17.536945,16.785852,16.788723,16.475048,15.791663,15.948809,18.345463
16.03208,16.160711,16.371487,16.03208,15.664589,15.616605,14.379748,14.632649,17.73381
14.885226,15.475787,15.557426,14.885226,14.734284,14.488576,13.647678,13.942278,16.466917
14.811425,15.329425,14.409367,14.811425,14.11692,14.029726,12.796161,12.726469,15.973072
13.871879,14.067195,14.108543,13.871879,13.5129795,14.045533,13.550225,13.232103,15.595751
14.071883,13.545224,14.142249,14.071883,13.633098,13.627283,14.261082,13.14082,15.263887
13.701073,13.870244,13.555802,13.701073,13.170142,13.569297,14.344844,13.172044,15.124016
13.435589,12.451248,13.447642,13.435589,13.377437,13.491785,14.236991,13.244457,14.544399
13.69599,14.346327,12.911828,13.69599,13.31414,13.511729,13.935664,12.66186,14.410619
13.935894,13.895485,13.973129,13.935894,13.364659,13.633368,14.02874,13.076375,14.201586
14.539641,13.337692,14.260751,14.539641,13.741359,13.680096,14.372572,13.061296,14.127796
15.538309,15.0975685,13.864046,15.538309,14.267482,14.210825,14.401242,13.0115595,14.030723
15.700161,15.340285,14.313619,15.700161,14.763652,14.963349,14.836738,13.598253,14.034004
16.490047,15.12661,14.53619,16.490047,15.265626,15.040438,14.414768,13.48264,14.668756
16.512985,15.052983,15.075695,16.512985,15.066612,15.3019905,14.45138,14.06011,15.216605
14.973913,14.778049,14.480834,14.973913,14.106491,14.779878,13.307121,14.652753,14.899484
14.748636,13.476885,14.2029505,14.748636,14.259013,15.202154,13.455413,14.498949,14.287234
14.925447,13.860652,14.7470255,14.925447,14.161305,15.025642,13.917528,14.411209,14.761481
14.88657,15.115638,14.696518,14.88657,13.987753,14.941135,13.62527,14.572255,15.1021805
14.697856,14.2527895,14.393703,14.697856,13.999242,15.044916,13.836233,14.194521,15.0029745
14.520094,14.2952175,14.305304,14.520094,13.532305,14.735974,13.225505,14.413416,14.618879
14.131006,14.94089,13.5613365,14.131006,13.192198,14.234051,13.150327,13.688524,14.820456
13.769703,12.739627,13.425546,13.769703,13.102719,14.057519,13.001884,14.019689,14.177526
13.667517,13.313362,13.146199,13.667517,13.017959,13.943468,12.964175,13.925147,14.275926
13.374883,12.574776,12.767729,13.374883,12.545488,13.386422,12.861349,13.735909,13.675267
12.843,12.448657,12.211975,12.843,12.006772,13.138225,12.62278,13.392864,13.734202
12.534798,12.989341,11.501014,12.534798,11.805072,12.588138,12.43718,13.501799,13.358147
11.86882,12.819992,11.993669,11.86882,11.620071,12.595522,12.227079,13.1355715,13.569633
12.3609,11.476098,11.618387,12.3609,11.049783,12.482526,12.502888,13.0937395,13.32461
12.2533245,11.993199,11.399394,12.2533245,11.444993,12.406529,12.779013,12.823618,13.831817
12.244632,12.040133,11.83386,12.244632,11.632795,12.405912,12.632627,12.952402,13.929125
12.664045,13.157267,12.127418,12.664045,12.219304,12.783755,12.73965,13.146048,13.709054
14.148376,14.169051,13.3323555,14.148376,13.262388,13.733789,14.1041975,13.728887,14.816077
15.258116,16.22141,14.310635,15.258116,14.611907,14.595911,15.077593,15.254892,15.62413
16.985233,17.584774,16.07742,16.985233,16.04753,16.078848,16.264324,15.764934,16.542042
18.510748,18.89899,16.31333,18.510748,17.777037,17.6033,17.709572,17.047651,17.699043
19.734236,20.15847,18.638763,19.734236,19.33014,18.96844,19.324707,18.923866,18.948479
20.833054,20.649736,19.140224,20.833054,20.4856,19.841545,20.37823,20.587101,19.316036
21.13141,21.494652,20.267212,21.13141,20.91646,20.576302,21.27119,21.441013,20.359203
19.593338,21.17531,21.320562,19.593338,20.028389,19.333294,21.305496,19.678537,21.773706
19.633636,20.559446,21.74034,19.633636,20.109678,19.828562,21.568888,19.401274,21.952595
20.040218,21.359877,21.672329,20.040218,20.380053,19.878788,22.01842,20.278986,22.411245
19.866209,22.139812,21.54747,19.866209,20.074924,20.453587,22.016817,20.17162,21.947075
19.758493,21.785547,21.459356,19.758493,20.290058,20.304625,22.246021,20.18402,22.423452
19.117498,21.068262,20.596361,19.117498,19.680414,19.61235,21.115803,19.37966,21.74326
19.188877,20.195324,19.962873,19.188877,18.74909,18.55511,19.72778,18.754093,20.878155
18.314571,19.228394,19.379614,18.314571,17.97548,18.167967,19.167465,17.867832,19.86708
18.177542,18.783985,19.421968,18.177542,17.420969,17.792774,18.284037,17.140234,19.892756
17.102606,17.972908,18.087294,17.102606,17.055487,16.631224,15.914181,16.10157,18.668154
16.424297,16.386892,16.91994,16.424297,15.963125,15.83639,14.416185,14.783202,18.046967
15.194309,15.877163,16.091436,15.194309,14.969794,14.699331,13.716025,14.098274,16.810293
15.185242,16.052217,14.782731,15.185242,14.398273,14.255266,12.8799095,12.8752365,16.295849
14.176567,14.29073,14.495376,14.176567,13.828838,14.299358,13.604677,13.368839,15.894788
14.460093,14.157393,14.598222,14.460093,13.988796,13.865196,14.333285,13.225306,15.578994
14.090986,14.327772,13.93781,14.090986,13.494174,13.907744,14.408758,13.221291,15.437311
13.831454,12.804888,13.876362,13.831454,13.719657,13.822132,14.218545,13.273486,14.865716
14.078708,14.782013,13.266769,14.078708,13.616058,13.850258,13.929359,12.745155,14.736945
14.306641,14.167587,14.408517,14.306641,13.5931,13.953858,14.050716,13.097091,14.535724
14.87582,13.787411,14.559126,14.87582,14.031942,13.939018,14.284561,13.032785,14.469636
15.891684,14.951873,14.224453,15.891684,14.473001,14.459435,14.291862,13.079648,14.350478
15.96946,15.549784,14.551498,15.96946,14.884606,15.136112,14.585018,13.561353,14.341585
16.767008,14.89369,14.73489,16.767008,15.350452,15.193632,14.199739,13.497112,14.924735
16.76959,15.126983,15.170038,16.76959,15.112652,15.338892,14.175802,14.03282,15.459531
14.672465,14.437819,13.246036,14.672465,13.6156,14.553817,13.058713,14.058135,14.421903
14.320872,14.120768,12.723456,14.320872,13.676132,14.952222,12.95285,14.010717,13.736007
14.508954,12.961519,13.621309,14.508954,13.54795,14.98027,13.384998,14.04932,14.197132
14.51255,14.637278,13.648441,14.51255,13.507464,14.566016,13.006794,14.107227,14.596606
14.2528515,14.171238,13.182747,14.2528515,13.434262,14.831339,13.026989,13.844827,14.419625
14.168772,14.136707,13.334346,14.168772,12.875025,14.462871,12.805718,13.935434,14.069594
13.608063,14.094764,12.533867,13.608063,12.692981,14.01234,12.537267,13.514596,14.317019
13.263724,12.448375,12.381301,13.263724,12.724497,13.820831,12.579357,13.593322,13.730579
13.2259,12.996845,11.890689,13.2259,12.769072,13.6889305,12.512532,13.545148,13.809384
13.058985,12.39023,11.855025,13.058985,12.12949,13.285957,12.22471,13.478533,13.282035
12.46512,12.440691,11.495384,12.46512,11.669187,13.068215,12.231871,13.494823,13.382176
12.389662,11.359287,10.718944,12.389662,11.620874,12.559228,12.207277,13.002438,13.066081
11.497633,12.838004,11.875127,11.497633,11.448646,12.602869,12.037926,13.420094,13.291026
12.337691,11.552707,11.387517,12.337691,10.720035,12.323524,12.102781,13.059494,13.046767
11.995614,10.75182,10.83288,11.995614,11.127661,12.301838,12.374075,12.811084,13.582463
12.015068,11.137903,11.617678,12.015068,11.437088,12.237812,12.137987,12.895605,13.69576
12.564969,12.964299,11.867791,12.564969,12.091231,12.605837,12.140974,12.951465,13.589914
14.226005,13.900905,13.675937,14.226005,13.329069,13.796288,13.490709,13.480321,14.856052
15.446629,16.207508,14.151527,15.446629,15.060287,14.824634,14.53325,14.7113085,15.797244
17.383026,18.00479,16.357473,17.383026,16.48513,16.762333,15.501538,15.737692,16.922665
18.849075,19.318106,16.811935,18.849075,18.478922,18.356258,16.46256,16.486277,18.260363
20.362587,20.687052,19.644938,20.362587,20.238504,19.755438,18.487547,18.575108,19.591448
21.417173,21.592197,20.145325,21.417173,21.570757,20.843493,19.824692,19.844406,19.988867
21.787899,23.790703,21.43152,21.787899,22.157143,21.720524,21.211681,21.108904,21.028908
19.362154,20.906132,20.805626,19.362154,19.708733,19.146482,21.166634,19.451023,21.438704
19.374435,20.226036,21.21308,19.374435,19.802599,19.631157,21.348839,19.153503,21.59514
19.776367,21.417612,21.131739,19.776367,20.0495,19.653593,21.851912,20.041557,22.04987
19.611502,21.551983,20.999857,19.611502,19.750416,20.239391,21.888643,19.938166,21.60073
19.507622,21.619452,20.92828,19.507622,19.960398,20.097458,22.203054,19.949903,22.07575
18.876017,20.68373,20.101635,18.876017,19.351562,19.409243,21.11222,19.151068,21.413528
18.905283,19.51763,19.46098,18.905283,18.44704,18.375408,19.691671,18.585958,20.601748
18.05353,18.993898,18.940054,18.05353,17.735538,17.998482,19.151684,17.698505,19.605679
17.936008,18.3801,18.991508,17.936008,17.17609,17.638372,18.334059,16.974289,19.653849
16.894028,17.760096,17.677393,16.894028,16.817913,16.49202,15.781353,15.956256,18.436275
16.211447,16.019243,16.527874,16.211447,15.750435,15.699206,14.493304,14.64814,17.869226
15.048398,15.703307,15.728294,15.048398,14.807369,14.6127,13.7541275,14.060463,16.666393
14.985645,15.766037,14.473618,14.985645,14.245995,14.158591,12.851723,12.784958,16.215
14.075941,14.335196,14.203609,14.075941,13.689411,14.197167,13.686353,13.331014,15.826806
14.319998,13.74383,14.3511715,14.319998,13.858083,13.7697935,14.370036,13.210601,15.540389
13.974168,14.11821,13.731631,13.974168,13.405421,13.783301,14.390412,13.193443,15.425282
13.743035,12.484522,13.723691,13.743035,13.650044,13.729151,14.203064,13.26352,14.876593
14.057836,14.568247,13.169092,14.057836,13.602969,13.771483,13.757132,12.751466,14.782067
14.33623,14.046405,14.401952,14.33623,13.638285,13.910477,13.761123,13.057688,14.629388
14.973256,13.727234,14.649825,14.973256,14.132765,13.946266,13.986347,12.972704,14.565242
16.002398,14.725129,14.324888,16.002398,14.635634,14.502016,14.0022545,13.034201,14.493422
16.157171,15.354236,14.742187,16.157171,15.107226,15.242789,14.341336,13.567745,14.5437565
16.967329,14.952019,14.972055,16.967329,15.620526,15.333488,13.980208,13.564303,15.120254
16.98369,15.235998,15.454173,16.98369,15.385924,15.541494,13.966799,14.1182165,15.679834
14.667998,14.486361,12.564789,14.667998,13.33362,14.700185,12.852484,14.607924,14.4582405
14.24825,13.687636,11.917351,14.24825,13.352689,14.973815,12.82618,14.486739,13.770288
14.384097,14.155999,12.705636,14.384097,13.1682415,15.026659,13.017532,14.410335,14.196869
14.40787,13.743401,12.775236,14.40787,13.157378,14.6422205,12.790531,14.501849,14.596735
14.232202,14.584096,12.453878,14.232202,13.11585,14.895349,12.790914,14.284921,14.392534
14.106663,13.748139,12.573804,14.106663,12.583232,14.47173,12.668267,14.221147,14.068053
13.400032,13.443565,11.837509,13.400032,12.467929,14.124255,12.421168,14.01662,14.349449
13.126103,12.161591,11.847668,13.126103,12.548566,13.893332,12.557374,13.919252,13.781656
13.145426,12.613265,11.437692,13.145426,12.58476,13.780122,12.520891,13.901433,13.839812
13.04933,11.888697,11.392784,13.04933,12.040334,13.432548,12.403978,13.893149,13.392221
12.497605,11.678803,11.154696,12.497605,11.635571,13.190513,12.392277,13.827792,13.504454
12.584177,11.82058,10.42545,12.584177,11.666686,12.812109,12.419006,13.317116,13.223054
11.552018,12.767972,11.561124,11.552018,11.539989,12.690349,12.180209,13.688411,13.450027
12.640256,11.727021,11.143479,12.640256,10.918132,12.385418,12.245034,13.304654,13.2025175
12.185579,11.363726,10.771178,12.185579,11.328134,12.369702,12.47708,12.933069,13.754941
12.306775,11.710966,11.638024,12.306775,11.747399,12.328996,12.146695,13.026236,13.907574
12.970183,12.837903,12.1670685,12.970183,12.5014305,12.803729,12.213148,13.207512,13.931448
14.797547,14.72151,14.013232,14.797547,13.895724,14.097513,13.501098,13.979223,15.265745
16.129082,16.287786,14.888504,16.129082,15.754697,15.355793,14.46707,15.12839,16.321377
18.24206,18.616985,17.329288,18.24206,17.404684,17.459913,15.260056,16.524494,17.56237
19.712074,19.470333,18.075449,19.712074,19.491467,19.13189,16.651281,17.49103,18.984386
21.375862,21.064768,20.895466,21.375862,21.305851,20.643442,18.656027,19.476442,20.330875
22.422659,22.030596,21.443949,22.422659,22.708126,21.821524,19.774284,20.518574,20.69739
22.798445,24.391409,22.689638,22.798445,23.218618,22.790585,20.919867,21.698185,21.721176
20.02414,21.656515,21.561462,20.02414,20.268785,19.696861,21.595863,19.836842,22.048689
20.043713,20.636478,21.921402,20.043713,20.327229,20.13813,21.796667,19.553553,22.205795
20.414768,21.765497,21.802607,20.414768,20.54679,20.16504,22.305798,20.351995,22.664812
20.26651,22.184114,21.685278,20.26651,20.26926,20.71645,22.296316,20.302698,22.20329
20.173576,22.24925,21.645992,20.173576,20.510807,20.58947,22.668383,20.328684,22.678223
19.532194,21.436445,20.781599,19.532194,19.899878,19.888262,21.518517,19.51201,21.993076
19.578154,20.543934,20.158545,19.578154,19.026573,18.90604,20.115522,18.931164,21.152727
18.716305,19.696934,19.615673,18.716305,18.2663,18.529995,19.594446,18.088085,20.136038
18.5783,19.034374,19.690191,18.5783,17.68834,18.192291,18.82633,17.38895,20.167645
17.521305,18.591087,18.328848,17.521305,17.36431,17.033827,16.49282,16.393372,18.960524
16.888855,16.602236,17.190084,16.888855,16.335659,16.261917,15.175089,15.072772,18.343332
15.65445,16.339104,16.366547,15.65445,15.319509,15.173562,14.419821,14.451091,17.13062
15.608912,16.430927,14.980877,15.608912,14.783994,14.672724,13.442911,13.154652,16.608446
14.652771,14.786504,14.7152,14.652771,14.224711,14.69792,14.156255,13.6386795,16.183123
14.918748,14.303367,14.905991,14.918748,14.43611,14.235459,14.713131,13.480255,15.883768
14.55797,14.662938,14.218142,14.55797,13.938514,14.305432,14.669749,13.402157,15.736964
14.327181,13.286177,14.250018,14.327181,14.19435,14.214473,14.445588,13.450294,15.185588
14.601668,15.088632,13.662632,14.601668,14.07946,14.231915,13.939834,12.9713,15.056299
14.8401575,14.418075,14.91288,14.8401575,14.037268,14.338562,13.929147,13.178298,14.873817
15.426392,14.36406,15.029618,15.426392,14.547687,14.320867,14.092152,13.049308,14.804797
16.384483,14.98532,14.792046,16.384483,14.933128,14.7861805,14.085237,13.174555,14.673669
16.481915,15.772252,15.077585,16.481915,15.2862835,15.406767,14.256035,13.574785,14.649675
17.25034,15.300554,15.273215,17.25034,15.774383,15.482193,13.873167,13.576932,15.189138
17.243427,15.350993,15.631623,17.243427,15.47232,15.585936,13.795753,14.071888,15.718017
14.854702,14.697744,13.166025,14.854702,13.607113,14.733217,14.114627,15.068737,15.031911
14.474863,15.176314,12.552175,14.474863,13.570934,14.917262,14.02231,14.914047,14.454053
14.517394,14.71681,13.1362915,14.517394,13.345781,14.828306,14.37743,14.80888,14.827466
14.542018,13.9447155,13.1976795,14.542018,13.33065,14.611687,14.031759,14.97238,15.1650095
14.480047,15.258617,12.935594,14.480047,13.3505,14.723593,13.976587,14.5822,15.023787
14.27934,14.493865,13.001253,14.27934,12.878457,14.375621,13.866654,14.668534,14.693437
13.596058,13.099569,12.315235,13.596058,12.775408,14.101953,13.715382,14.427201,14.9843
13.411977,13.468979,12.374832,13.411977,12.794701,13.913837,13.690114,14.322032,14.453012
13.392088,13.293441,12.089633,13.392088,12.815563,13.839401,13.594459,14.36734,14.433603
13.317631,13.082765,11.937593,13.317631,12.393559,13.506956,13.322028,14.44832,14.040385
12.909134,12.136181,11.748213,12.909134,12.052378,13.340515,13.316174,14.285644,14.186528
12.980507,12.128744,11.060788,12.980507,12.036253,13.01876,13.127139,13.778075,13.928503
12.00106,13.0611925,11.903125,12.00106,11.986611,12.868597,13.049192,14.041273,14.149091
13.095218,12.793928,11.548309,13.095218,11.468775,12.667727,13.120872,13.749862,13.918636
12.737669,11.812602,11.390267,12.737669,11.940358,12.6632395,13.380625,13.363918,14.389917
12.950861,12.138113,12.159908,12.950861,12.358681,12.806381,13.008054,13.452418,14.689356
13.695391,12.944667,12.884912,13.695391,13.1900015,13.425342,12.887009,13.7768135,14.785917
15.599711,14.935512,14.627409,15.599711,14.595988,14.7709,14.215576,14.826162,16.053556
16.99278,17.610315,15.86989,16.99278,16.407654,16.168518,14.947468,16.096323,17.202694
19.164593,18.269218,18.183783,19.164593,18.241405,18.217686,15.950266,17.668062,18.363201
20.70134,20.374125,19.107359,20.70134,20.2359,20.008451,17.313362,18.766798,19.8219
22.319365,21.601011,21.694717,22.319365,21.930342,21.538465,19.58675,20.690655,21.192755
23.401663,21.857672,22.216675,23.401663,23.295298,22.669836,20.280487,21.63666,21.385208
23.729279,24.634214,23.303417,23.729279,23.709778,23.581827,21.060719,22.671423,22.383524
18.660643,18.991476,21.351585,18.660643,18.623455,18.120539,17.812143,17.86534,19.643158
18.800516,18.505154,21.608517,18.800516,18.77663,18.597572,18.444881,17.688086,19.587458
19.028713,19.972027,21.403984,19.028713,18.89195,18.401537,18.636475,17.948214,20.053438
18.863705,19.734243,21.298233,18.863705,18.500973,18.909592,18.702162,17.965593,19.781416
18.764206,19.579832,21.299574,18.764206,18.776712,18.78906,18.969206,18.092749,20.17532
18.289461,18.96649,20.442553,18.289461,18.358685,18.27966,18.37533,17.569765,19.610558
18.508049,18.533665,19.89199,18.508049,17.576721,17.49595,17.482153,17.35924,19.160034
17.833345,18.153465,19.357534,17.833345,16.80287,17.245358,17.148075,16.49473,18.237967
17.582808,17.041649,19.550934,17.582808,16.337433,16.983158,16.786156,16.41512,18.375973
16.691107,16.470327,18.182587,16.691107,16.190401,15.8849325,15.097984,15.120806,17.33391
16.255484,14.916224,17.082266,16.255484,15.314576,15.400471,14.179471,14.328234,17.015299
14.978502,15.809582,16.293627,14.978502,14.341208,14.3937435,13.826731,13.863392,16.097523
15.107936,15.481276,14.838059,15.107936,14.029348,14.156593,13.289985,13.12111,15.949516
14.152296,13.900134,14.606555,14.152296,13.635501,14.297949,13.93061,13.875564,15.591149
14.69312,14.486544,14.93423,14.69312,13.990659,13.941471,14.555006,13.470763,15.614024
14.430611,14.207156,14.258621,14.430611,13.570158,14.227341,14.493971,13.655151,15.606464
14.328572,13.982232,14.415719,14.328572,13.951998,14.2814045,14.131342,13.545858,15.166755
14.837416,14.885423,13.893681,14.837416,14.02476,14.50563,14.072839,13.1195755,15.372248
15.271667,14.613925,15.391095,15.271667,14.075236,14.700939,14.230603,13.504681,15.506423
16.010471,15.069638,15.485744,16.010471,14.998113,14.817392,14.52783,13.561669,15.60194
17.304306,16.11351,15.331435,17.304306,15.5362425,15.568045,14.958912,13.653667,15.782108
17.360424,16.279465,15.741875,17.360424,16.019947,16.253086,15.13781,14.100754,16.182362
18.316193,15.848936,15.919685,18.316193,16.500599,16.41524,15.271315,14.440182,16.621368
18.344347,16.720814,16.269209,18.344347,16.360554,16.39093,15.210293,15.085161,17.35464
16.195307,15.776235,16.929596,16.195307,15.4585,15.809901,14.118627,14.6777,15.856818
16.116606,15.734116,16.893206,16.116606,15.613407,16.2497,14.52154,14.897285,15.380723
16.26893,15.029857,17.152962,16.26893,15.549773,15.979783,14.962739,14.880046,15.850804
16.20223,16.27868,17.042887,16.20223,15.290205,16.118929,14.812485,15.026018,16.065048
16.023336,15.802787,16.794657,16.023336,15.412622,16.125305,15.220303,14.449242,16.091782
15.796132,15.434018,16.495396,15.796132,14.992632,15.802804,14.589257,14.955986,15.666407
15.642826,15.215519,15.783073,15.642826,14.54228,15.25482,14.429755,14.13589,15.796568
15.205531,14.594409,15.517775,15.205531,14.214404,15.103671,14.230603,14.203395,15.097174
15.018758,14.494902,15.408227,15.018758,14.006604,14.971018,14.283085,14.820295,15.195214
14.566758,14.215332,14.697352,14.566758,13.691263,14.258912,13.62754,14.217086,14.516467
14.116509,13.452133,13.961914,14.116509,13.098867,13.981732,13.394962,13.966003,14.543875
13.453217,13.343914,13.24079,13.453217,12.613104,13.303557,13.092295,14.24696,14.090757
13.094124,13.23909,13.027944,13.094124,12.45462,13.277533,13.0584135,13.423009,14.2853
13.08219,12.488827,12.710741,13.08219,11.959416,13.280145,13.46114,13.186253,14.017074
13.24953,12.575243,12.714866,13.24953,12.414506,13.132713,13.66815,13.693255,14.44582
13.172901,12.252604,12.737764,13.172901,12.385121,13.258661,13.605239,13.924834,14.57554
13.44027,13.882197,12.997593,13.44027,12.942551,13.54402,13.628453,14.589172,14.281308
14.6306095,13.883712,13.665085,14.6306095,13.657258,14.236133,14.5871105,15.821399,15.189315
15.548287,16.003242,14.862893,15.548287,14.560111,14.850087,15.214311,17.798052,15.877274
16.958988,16.899065,15.999601,16.958988,15.901674,15.852252,16.38723,18.14244,16.539913
18.41851,18.488619,16.085232,18.41851,17.212885,17.107693,17.500977,20.425484,17.485836
19.246996,19.248951,17.760386,19.246996,18.37384,18.209074,18.698792,21.589508,18.605785
20.315174,19.511642,18.163622,20.315174,19.298914,18.83733,19.537556,23.878788,18.892113
20.517923,20.861446,19.004137,20.517923,19.549217,19.29262,20.218204,23.898537,19.898975
17.871708,18.341526,20.729025,17.871708,17.87466,17.42005,17.085415,17.212976,18.65265
18.0418,17.61145,21.010817,18.0418,18.084143,17.934618,17.665989,17.076073,18.521397
18.262003,18.686518,20.809557,18.262003,18.20671,17.700134,17.924473,17.314323,18.997416
18.074226,18.716143,20.695301,18.074226,17.766401,18.2175,17.946678,17.305283,18.821836
17.9782,18.681028,20.691257,17.9782,18.02532,18.089254,18.334463,17.427534,19.151167
17.53919,18.079304,19.84835,17.53919,17.65155,17.623693,17.788197,16.975178,18.614452
17.773926,17.69163,19.302181,17.773926,16.852793,16.836687,16.915077,16.790167,18.272057
17.148136,17.326506,18.791235,17.148136,16.107994,16.604631,16.58382,15.89393,17.378056
16.87798,16.254576,18.993954,16.87798,15.673844,16.32851,16.254286,15.893528,17.531395
16.033163,16.059021,17.646772,16.033163,15.541366,15.246301,14.457862,14.559097,16.530262
15.59992,14.5166,16.537859,15.59992,14.650919,14.803391,13.786496,13.830608,16.283043
14.354979,14.940394,15.774738,14.354979,13.738873,13.795,13.549808,13.359292,15.424775
14.509366,14.663898,14.387844,14.509366,13.444561,13.649982,13.060149,12.777941,15.373761
13.575433,13.369841,14.163859,13.575433,13.094993,13.815013,13.745147,13.57002,15.048327
14.158842,13.5229025,14.493433,14.158842,13.4288,13.5060625,14.396851,13.19729,15.160958
13.925091,13.470056,13.863749,13.925091,13.0576935,13.790232,14.251444,13.428311,15.161904
13.8366,13.810836,14.015343,13.8366,13.442633,13.892068,14.007513,13.34548,14.71163
14.415964,14.213382,13.499801,14.415964,13.599673,14.169805,13.923415,12.93193,15.02527
14.910936,14.215973,15.050565,14.910936,13.712036,14.394885,14.079763,13.41895,15.22655
15.706012,15.075913,15.238622,15.706012,14.702353,14.56141,14.530838,13.577344,15.393801
17.128162,15.910867,15.022169,17.128162,15.356633,15.434426,15.110209,13.64616,15.690346
17.204424,16.196583,15.538933,17.204424,15.961209,16.21588,15.4107275,14.1879,16.234032
18.232323,16.147226,15.742427,18.232323,16.4522,16.40817,15.641634,14.610187,16.679998
18.284876,16.93289,16.18502,18.284876,16.392895,16.41694,15.634495,15.3123455,17.495104
15.577962,15.166995,14.745313,15.577962,14.423889,15.323615,13.57402,14.98656,15.360991
15.347854,14.310543,14.397051,15.347854,14.500724,15.645798,13.754513,14.887703,14.784585
15.430143,13.9592495,14.85009,15.430143,14.329563,15.467803,14.14653,14.595282,15.222055
15.425183,15.341018,14.807188,15.425183,14.196509,15.348074,13.866854,14.907763,15.528293
15.272946,15.819452,14.567619,15.272946,14.281027,15.449378,14.022696,14.595595,15.450683
15.100045,15.005304,14.494135,15.100045,13.811891,15.134313,13.772037,14.702156,15.070589
14.681923,14.977682,13.756712,14.681923,13.589981,14.754181,13.548356,14.234143,15.301357
14.378156,13.717344,13.715821,14.378156,13.477391,14.615351,13.637402,14.400582,14.649578
14.262676,13.425073,13.47959,14.262676,13.341043,14.516571,13.64432,14.423336,14.735941
14.026204,13.323002,13.094513,14.026204,13.012892,14.018088,13.512245,14.144884,14.205799
13.606994,12.490055,12.641748,13.606994,12.569835,13.835657,13.482252,13.884605,14.262404
13.307489,12.55903,11.943482,13.307489,12.324847,13.33085,13.277924,13.972044,13.899953
12.636868,14.081186,12.323273,12.636868,12.241534,13.304809,13.027741,13.590178,14.125266
13.18714,12.133819,12.002963,13.18714,11.738069,13.166536,13.282487,13.517674,13.848577
13.094693,12.076269,11.929968,13.094693,12.229901,13.12197,13.441359,13.281049,14.381284
13.166317,12.225464,12.349547,13.166317,12.441923,13.248194,13.030708,13.356498,14.520441
13.677595,13.515793,12.866786,13.677595,13.164832,13.665009,12.947758,13.586169,14.3993635
15.24161,14.689094,14.132889,15.24161,14.22988,14.68927,13.843006,14.284709,15.486833
16.410767,16.232233,15.357159,16.410767,15.604703,15.66031,14.367058,15.656855,16.364614
18.211765,18.452631,17.166662,18.211765,17.223589,17.210321,15.119496,16.39192,17.291784
19.691975,18.283855,17.681578,19.691975,18.88648,18.683966,16.19195,17.642147,18.422274
20.932255,20.405516,19.86931,20.932255,20.326782,19.919743,17.975948,19.333601,19.645594
22.003426,20.843067,20.380875,22.003426,21.505802,20.823488,18.835115,20.842669,19.915636
22.272243,23.174864,21.365509,22.272243,21.810167,21.48276,19.68985,21.607492,20.944736
18.275225,18.205816,21.00125,18.275225,18.110981,17.748857,16.985899,17.40062,18.947924
18.431314,18.173658,21.2337,18.431314,18.29506,18.222233,17.647448,17.2608,18.825914
18.62191,18.916494,20.990902,18.62191,18.37545,17.974009,17.874485,17.434374,19.29206
18.456087,18.979807,20.883217,18.456087,17.959122,18.468723,17.913788,17.474043,19.09528
18.360703,19.198639,20.916094,18.360703,18.245,18.353222,18.29115,17.599468,19.4417
17.92691,18.371864,20.07506,17.92691,17.870403,17.883972,17.80625,17.14136,18.906328
18.153515,17.593166,19.534843,18.153515,17.120564,17.158758,16.963974,16.986782,18.580482
17.533714,17.764668,19.052485,17.533714,16.374321,16.935215,16.690636,16.13037,17.6952
17.263077,16.171871,19.279045,17.263077,15.9218025,16.69224,16.472408,16.163223,17.839108
16.428677,16.227318,17.912523,16.428677,15.829807,15.6170845,14.849056,14.867863,16.858145
16.033903,14.7593155,16.829285,16.033903,14.994558,15.194069,14.198136,14.139093,16.62403
14.7810545,15.165787,16.067287,14.7810545,14.056174,14.225322,13.889379,13.737867,15.80294
14.919999,14.956641,14.612601,14.919999,13.796043,14.035908,13.386701,13.070138,15.750385
14.011142,13.797654,14.405046,14.011142,13.456896,14.190512,14.062449,13.858562,15.405757
14.59002,14.23184,14.802699,14.59002,13.840657,13.865047,14.587635,13.460056,15.513412
14.364441,13.881161,14.147346,14.364441,13.462116,14.180139,14.41919,13.640682,15.550967
14.303523,14.033689,14.375541,14.303523,13.881901,14.279827,14.074598,13.528903,15.135741
14.896615,14.561126,13.879243,14.896615,14.026425,14.554505,13.95257,13.170028,15.460629
15.396389,14.853485,15.505876,15.396389,14.120758,14.788067,14.047993,13.545844,15.70001
16.200485,15.107926,15.6599,16.200485,15.171851,14.958639,14.423373,13.615638,15.859225
17.571915,16.379364,15.536306,17.571915,15.772644,15.779132,14.956962,13.761844,16.164816
17.655342,16.237394,16.004606,17.655342,16.31543,16.4966,15.154636,14.2330065,16.705576
18.655937,16.10257,16.211521,18.655937,16.816483,16.698057,15.383797,14.694682,17.09487
18.69683,17.462288,16.580013,18.69683,16.702148,16.66699,15.3767805,15.347639,17.883446
15.796101,15.612396,14.298942,15.796101,14.417961,15.573096,14.284842,15.555112,15.776919
15.505878,14.444162,13.817213,15.505878,14.38846,15.721094,14.44593,15.427153,15.2381315
15.482159,15.796155,14.129405,15.482159,14.137062,15.534099,14.72244,15.049116,15.6016035
15.497494,15.098442,14.127938,15.497494,14.06388,15.458979,14.490588,15.416596,15.878326
15.484156,16.905102,14.003627,15.484156,14.201561,15.498718,14.425799,15.127683,15.776735
15.233548,14.896734,13.957092,15.233548,13.753392,15.167874,14.42211,15.122244,15.445648
14.674725,14.872995,13.276937,14.674725,13.641271,14.925158,14.214483,14.958149,15.7448225
14.491594,14.290457,13.425127,14.491594,13.567786,14.790376,14.394008,14.849777,15.114822
14.423321,13.2863,13.263837,14.423321,13.431835,14.72417,14.338779,14.932948,15.162308
14.276611,13.56941,12.9053135,14.276611,13.22514,14.3238945,14.155786,14.761303,14.78533
13.973162,12.3196745,12.646029,13.973162,12.89875,14.178263,14.169303,14.5377655,14.86231
13.858785,13.51919,12.009328,13.858785,12.7311945,13.8265,13.936808,14.412282,14.574687
13.073079,14.443426,12.356574,13.073079,12.730246,13.661043,13.6060505,14.210778,14.808812
13.895146,12.9693165,12.11802,13.895146,12.340743,13.525492,13.745006,14.066452,14.515569
13.720453,12.925736,12.25143,13.720453,12.892416,13.5229845,14.019343,13.717133,15.089534
13.955079,13.300127,12.773031,13.955079,13.229829,13.779794,13.587676,13.788138,15.335149
14.654615,13.668644,13.66172,14.654615,14.122027,14.392418,13.60068,14.118275,15.450995
16.43519,16.607174,15.058547,16.43519,15.36768,15.601233,14.440283,15.113362,16.637257
17.758902,16.60461,16.709362,17.758902,16.91737,16.910294,14.76353,16.309078,17.718405
19.79433,18.923954,18.774765,19.79433,18.831015,18.686367,15.49196,17.605478,18.803038
21.290133,19.006895,19.760038,21.290133,20.562172,20.3042,17.00286,18.804405,20.04092
22.684233,20.86998,21.863995,22.684233,22.004848,21.631287,18.817928,20.417652,21.26259
23.746017,21.84042,22.406492,23.746017,23.253532,22.606394,19.313513,21.509497,21.415413
24.000645,23.949095,23.27761,24.000645,23.448593,23.35364,19.694536,22.28963,22.409733
18.480856,18.910418,21.491257,18.480856,18.175224,17.711983,17.058798,17.226341,19.154669
18.652582,18.251009,21.626673,18.652582,18.327667,18.155127,17.636286,17.158535,18.98733
18.768715,19.121996,21.350323,18.768715,18.335539,17.823814,17.778965,17.072496,19.45094
18.620592,18.926311,21.25669,18.620592,17.940035,18.272333,17.759865,17.165861,19.271883
18.527493,19.223974,21.303173,18.527493,18.255661,18.149872,18.201817,17.298676,19.600119
18.135843,18.993526,20.48736,18.135843,17.915716,17.750242,17.77328,16.993826,19.076202
18.410917,18.255266,19.96519,18.410917,17.248413,17.145327,17.123636,16.859882,18.818604
17.84788,18.079565,19.478527,17.84788,16.489054,16.977934,16.880194,16.14409,17.920223
17.536535,16.688263,19.740671,17.536535,16.062521,16.804096,16.75752,16.47644,18.085873
16.75567,16.841051,18.378553,16.75567,16.028208,15.761902,15.277193,15.209527,17.172508
16.465168,15.237374,17.350248,16.465168,15.307546,15.45714,14.761764,14.6186905,16.94824
15.192382,15.60754,16.582344,15.192382,14.342737,14.551788,14.584717,14.265482,16.187235
15.361126,15.697072,15.062661,15.361126,14.173115,14.406197,14.138304,13.776808,16.152052
14.481455,14.082196,14.861891,14.481455,13.853062,14.589098,14.670346,14.481394,15.7688
15.128979,14.597635,15.3184595,15.128979,14.339787,14.2765,15.1742325,14.020356,15.968678
14.936228,14.125109,14.646477,14.936228,13.96015,14.706603,15.038982,14.227101,16.00234
14.954577,14.833391,14.962006,14.954577,14.445221,14.858622,14.641346,14.039612,15.64857
15.621662,15.489046,14.559544,15.621662,14.610245,15.207909,14.523527,13.823545,16.029331
16.174212,15.285282,16.237925,16.174212,14.720347,15.487067,14.680548,14.286841,16.326574
17.028275,16.104046,16.317242,17.028275,15.919779,15.709646,15.011385,14.286936,16.544699
18.420086,17.01865,16.343365,18.420086,16.479809,16.572584,15.632212,14.666817,16.841192
18.498915,17.005808,16.797182,18.498915,16.964037,17.225273,15.755103,15.023345,17.371143
19.50998,16.93692,16.97516,19.50998,17.473898,17.44786,16.05928,15.72298,17.696867
19.543268,18.133446,17.23779,19.543268,17.34749,17.334595,15.893563,16.269445,18.495058
15.924445,15.184742,15.586668,15.924445,14.806043,15.419205,14.52731,15.8955765,16.25115
15.718203,15.485594,15.251652,15.718203,14.827498,15.633906,14.745094,15.78739,15.741748
15.711874,16.439686,15.442422,15.711874,14.606865,15.269157,15.14715,15.391107,16.134628
15.704558,15.954717,15.40418,15.704558,14.468455,15.407049,14.881995,15.916191,16.35937
15.707116,17.374922,15.255303,15.707116,14.620778,15.323136,14.880915,15.245586,16.310255
15.404262,15.669902,15.111775,15.404262,14.224527,15.087059,14.658538,15.694642,15.947626
15.00258,14.987281,14.442375,15.00258,14.007503,14.771199,14.528243,15.145032,16.226707
14.781572,15.811698,14.452018,14.781572,13.830365,14.670132,14.624836,14.974984,15.533212
14.655423,13.860046,14.390747,14.655423,13.675883,14.640768,14.502493,15.454708,15.621853
14.410013,14.471717,13.850153,14.410013,13.479673,14.121586,14.192412,15.125026,15.178861
14.133014,13.377841,13.436516,14.133014,13.114856,13.995953,14.084819,14.833455,15.229834
13.831149,12.879151,12.786086,13.831149,12.8173485,13.595575,13.655085,15.121417,14.904732
13.205934,14.305682,12.784956,13.205934,12.8097315,13.472724,13.641031,14.204618,15.13815
13.772816,13.719137,12.534862,13.772816,12.422113,13.487331,13.8364525,14.055618,14.807195
13.766512,12.759559,12.738137,13.766512,12.988037,13.415175,14.080748,13.831115,15.393446
13.92974,13.4977,13.028288,13.92974,13.18935,13.732995,13.907562,14.077631,15.600652
14.526279,14.026135,13.772912,14.526279,13.987896,14.342361,14.013908,14.476384,15.622936
16.157701,16.01271,14.888323,16.157701,15.054459,15.3870325,15.036194,16.261452,16.735521
17.382093,16.294909,16.548471,17.382093,16.35504,16.530155,15.509619,17.473377,17.69825
19.241339,18.231855,18.168459,19.241339,18.181583,17.976355,16.669168,18.712473,18.646135
20.76834,19.398611,18.883715,20.76834,19.720352,19.600279,18.053352,20.552237,19.716908
21.964424,19.852617,20.801586,21.964424,21.01597,20.916452,19.847818,22.013382,20.834414
23.058666,21.043648,21.269455,23.058666,22.145922,21.73741,20.279993,23.694052,20.980606
23.272028,23.144726,22.061983,23.272028,22.338339,22.393366,20.60228,23.989561,21.967264
