ozero,minmax,qvjian,weiyi
24.886631,21.378542,20.580624,21.32597
8.020733,19.69802,27.57364,10.547498
27.378214,24.6095,4.8765717,11.182003
8.654088,8.832382,10.707858,10.932797
17.191261,17.166405,9.401369,20.903791
13.8375635,23.246168,11.250932,21.864391
25.525688,21.647848,21.849636,22.39426
8.452968,20.852787,28.683777,9.918164
28.632147,25.69028,5.736698,11.58829
9.242007,9.414887,11.644159,12.315632
18.754408,18.021381,9.612362,22.147635
14.308153,24.636902,11.779342,22.975822
24.981153,21.418665,20.75739,21.478456
8.077179,19.852793,27.724617,10.4672985
27.550323,24.757795,4.9923396,11.243653
8.734507,8.912903,10.834183,11.124237
17.406336,17.285112,9.436218,21.076612
13.903713,23.434195,11.323148,22.009802
25.46613,21.623142,21.719202,22.285929
8.400532,20.736843,28.566166,9.989138
28.504156,25.573565,5.648716,11.549104
9.185566,9.356431,11.547354,12.172079
18.591694,17.930464,9.59432,22.019709
14.265177,24.496801,11.726098,22.85653
24.957375,21.414,20.712181,21.442026
8.061444,19.81565,27.682234,10.488831
27.506271,24.718952,4.9567966,11.232121
8.713007,8.89525,10.804375,11.080137
17.350452,17.259682,9.425328,21.03167
13.887267,23.386213,11.3061695,21.968922
25.544096,21.663914,21.886393,22.427877
8.460101,20.899933,28.710457,9.898213
28.670475,25.717981,5.757036,11.601834
9.262265,9.437319,11.680285,12.362658
18.798204,18.051424,9.614954,22.18393
14.326336,24.685541,11.797387,23.005793
24.969854,21.413437,20.736269,21.459991
8.070907,19.833113,27.70678,10.477124
27.529644,24.740301,4.978405,11.236556
8.724537,8.902994,10.818325,11.101121
17.38071,17.270784,9.431957,21.055815
13.895396,23.411034,11.314514,21.992567
25.738459,21.69241,22.317701,22.749123
8.633867,21.300194,29.14507,9.645157
29.113379,26.103819,6.1307926,11.677053
9.479686,9.611428,11.992092,12.790456
19.351715,18.294893,9.681392,22.616615
14.485256,25.185291,11.970641,23.463491
24.978708,21.425144,20.752005,21.47724
8.07356,19.852257,27.71488,10.470859
27.545214,24.751986,4.9809937,11.247242
8.730989,8.9145155,10.834255,11.125096
17.398586,17.288168,9.43239,21.070435
13.90257,23.429144,11.322999,22.000582
25.765282,21.697523,22.381208,22.797363
8.661968,21.358332,29.209179,9.606173
29.177885,26.162682,6.183637,11.68858
9.509536,9.637416,12.038847,12.855476
19.43367,18.333752,9.690157,22.680355
14.506704,25.257116,11.995725,23.530733
25.029411,21.441683,20.84937,21.558773
8.107255,19.933674,27.801802,10.424989
27.639587,24.835318,5.0493994,11.277424
8.775213,8.956035,10.900976,11.226443
17.518139,17.349752,9.452637,21.166096
13.937281,23.531466,11.361367,22.084513
25.785643,21.68609,22.430887,22.827608
8.690023,21.392612,29.271692,9.574358
29.229061,26.213125,6.2413015,11.687846
9.533286,9.64944,12.065387,12.893056
19.501497,18.351278,9.701602,22.731464
14.521107,25.309444,12.011604,23.594349
25.02953,21.442493,20.84948,21.559124
8.107124,19.93466,27.801266,10.425014
27.639908,24.835316,5.048764,11.278171
8.775124,8.956561,10.901947,11.2274885
17.518326,17.350613,9.452244,21.166193
13.937418,23.53192,11.361881,22.084375
25.427858,21.615858,21.639133,22.224932
8.370506,20.665,28.48816,10.032734
28.422667,25.503891,5.58246,11.531839
9.1451645,9.323339,11.49114,12.092216
18.4899,17.884682,9.58092,21.940203
14.235245,24.405567,11.693178,22.775276
24.99317,21.435534,20.777842,21.500977
8.07925,19.880596,27.734077,10.459409
27.57142,24.771976,4.9953065,11.258343
8.743823,8.929034,10.8565445,11.156674
17.42953,17.30837,9.436007,21.09549
13.91433,23.459723,11.335164,22.020197
25.615332,21.66933,22.04062,22.541142
8.521292,21.04027,28.868513,9.809083
28.828497,25.855352,5.8963766,11.625387
9.341568,9.496628,11.78827,12.510007
18.995945,18.132454,9.642605,22.339413
14.383923,24.863768,11.857425,23.170477
25.016981,21.44434,20.823456,21.539629
8.094918,19.919188,27.77409,10.438153
27.615683,24.81096,5.026149,11.27328
8.764222,8.94893,10.888301,11.205053
17.485292,17.33819,9.445109,21.140215
13.930681,23.507597,11.353395,22.058825
25.675497,21.677893,22.176027,22.642948
8.578354,21.16249,29.005539,9.729118
28.966145,25.978548,6.012184,11.649008
9.407271,9.550313,11.884971,12.644423
19.169683,18.21032,9.6643715,22.475508
14.43159,25.017143,11.910466,23.313156
25.169634,21.502192,21.11833,21.787521
8.193432,20.179636,28.033524,10.296962
27.905188,25.060892,5.2300797,11.366753
8.901243,9.080378,11.099212,11.519392
17.847364,17.53012,9.500775,21.429636
14.0402355,23.826424,11.4734955,22.31413
25.622402,21.664093,22.057611,22.551619
8.53141,21.050026,28.890661,9.79823
28.84527,25.873083,5.9167523,11.623968
9.349255,9.499628,11.796084,12.521362
19.018915,18.137505,9.648108,22.357368
14.388294,24.880358,11.861826,23.191975
25.132444,21.487951,21.0463,21.727333
8.169919,20.113924,27.969904,10.332019
27.83381,25.000177,5.1792865,11.344804
8.866848,9.048026,11.046707,11.442659
17.758873,17.483635,9.487449,21.358723
14.012568,23.746876,11.443948,22.250837
25.489733,21.631098,21.771736,22.330025
8.423006,20.781523,28.614891,9.959786
28.554235,25.622025,5.685561,11.562665
9.206974,9.378036,11.585318,12.227962
18.65681,17.965857,9.6040745,22.072119
14.281197,24.550932,11.74513,22.90389
25.145647,21.495876,21.071613,21.749857
8.177376,20.139067,27.990227,10.319918
27.858915,25.021017,5.1943,11.35429
8.87854,9.060853,11.067095,11.472136
17.789476,17.502485,9.491328,21.383482
14.022652,23.77526,11.455046,22.271278
25.171597,21.521896,21.119152,21.796152
8.186967,20.194134,28.021017,10.299202
27.90729,25.056868,5.2124553,11.379908
8.901045,9.091499,11.110983,11.536756
17.845201,17.546259,9.49381,21.428268
14.044586,23.832096,11.479573,22.303736
25.009762,21.447495,20.808733,21.529762
8.087713,19.911266,27.757263,10.445608
27.601778,24.796972,5.0109177,11.272066
8.757555,8.945832,10.881767,11.1944475
17.466427,17.333323,9.440278,21.12529
13.926703,23.493744,11.349184,22.042992
24.86472,21.398098,20.533396,21.296762
7.9937067,19.68299,27.514538,10.572448
27.336134,24.562094,4.82204,11.182926
8.633875,8.827595,10.693514,10.906047
17.129702,17.156881,9.382222,20.855064
13.828837,23.20674,11.2406,21.81066
24.152908,21.01702,19.292276,20.160143
7.6325774,18.622711,26.532963,11.061988
26.149803,23.542374,4.13224,10.642898
8.106072,8.227135,9.806327,9.496657
15.649566,16.24627,9.127477,19.655222
13.361927,21.942568,10.72163,20.915161
24.860706,21.429401,20.518572,21.296038
7.976843,19.695854,27.480518,10.584497
27.32595,24.541162,4.783514,11.199166
8.626921,8.838914,10.701837,10.91723
17.10621,17.17213,9.366997,20.836395
13.832486,23.200344,11.2448435,21.781553
24.136894,20.995432,19.269012,20.133366
7.6300554,18.594458,26.522465,11.067547
26.125858,23.526072,4.131102,10.622694
8.097206,8.208496,9.783473,9.459025
15.623461,16.218481,9.127061,19.634586
13.349644,21.91694,10.707795,20.90612
25.404327,21.630764,21.585972,22.191107
8.3414545,20.635359,28.422688,10.063722
28.37126,25.450863,5.5219607,11.531554
9.120522,9.312581,11.466811,12.054971
18.418802,17.868347,9.564386,21.885466
14.221755,24.353914,11.678229,22.712175
24.696047,21.293663,20.23163,21.019781
7.91044,19.400642,27.281288,10.698784
27.041739,24.317482,4.658376,11.050939
8.50008,8.672253,10.461876,10.551262
16.769018,16.92677,9.330579,20.564001
13.709071,22.88345,11.108334,21.588295
25.723099,21.686619,22.283218,22.722448
8.621331,21.264397,29.112745,9.665667
29.077353,26.07407,6.1039753,11.669188
9.4618635,9.5952835,11.964298,12.753029
19.307901,18.272535,9.678132,22.582375
14.471554,25.143242,11.955273,23.42795
24.993233,21.426865,20.78019,21.499434
8.084354,19.873493,27.742016,10.457385
27.572449,24.77675,5.0034885,11.2543
8.743899,8.924907,10.851666,11.151933
17.433712,17.303543,9.439112,21.09835
13.912008,23.458052,11.333439,22.026731
25.689754,21.681314,22.207417,22.666075
8.5901,21.193169,29.036066,9.711201
28.99921,26.005716,6.038438,11.65615
9.423853,9.564228,11.908646,12.676971
19.21017,18.228828,9.667456,22.506298
14.443861,25.054922,11.924534,23.346598
25.03519,21.461123,20.856161,21.571404
8.101685,19.955923,27.796108,10.424114
27.64865,24.8359,5.039914,11.289928
8.779626,8.969116,10.917654,11.248115
17.52368,17.367151,9.448189,21.17137
13.945616,23.545916,11.369564,22.081202
25.492237,21.648422,21.774305,22.33899
8.417033,20.79715,28.604902,9.96055
28.557844,25.619278,5.6714478,11.574311
9.20866,9.388643,11.597802,12.244967
18.656727,17.980635,9.598172,22.072878
14.286117,24.559309,11.751356,22.896336
24.94175,21.425884,20.678734,21.420872
8.043057,19.80271,27.64133,10.506574
27.475906,24.685886,4.919167,11.231784
8.698364,8.8905945,10.792683,11.059481
17.306774,17.251553,9.41269,20.997395
13.880345,23.357096,11.298068,21.931173
25.302921,21.595438,21.378632,22.022194
8.268842,20.443542,28.234709,10.172087
28.16435,25.27304,5.370094,11.474274
9.020839,9.220604,11.313457,11.8350115
18.161129,17.736017,9.530111,21.680687
14.144255,24.121275,11.592937,22.520378
24.750885,21.329767,20.328089,21.109552
7.9358006,19.492334,27.354303,10.659545
27.136143,24.394903,4.7086005,11.095183
8.542922,8.72336,10.5369005,10.666585
16.883968,17.002146,9.346684,20.65675
13.748312,22.987196,11.151334,21.65747
25.421938,21.639938,21.625835,22.22639
8.359134,20.666742,28.4569,10.042644
28.408503,25.487698,5.5439324,11.54645
9.134924,9.33096,11.4955,12.101085
18.468216,17.899595,9.56964,21.92409
14.232237,24.392738,11.694327,22.74538
24.490301,21.19628,19.866333,20.692108
7.798549,19.096312,26.982882,10.847742
26.693205,24.013868,4.442252,10.902941
8.34349,8.502806,10.207261,10.14766
16.330908,16.669733,9.252833,20.209475
13.57506,22.512518,10.959312,21.314175
24.97114,21.508198,20.719328,21.481379
8.029297,19.894447,27.629442,10.498158
27.52371,24.700977,4.884617,11.290122
8.717051,8.947189,10.86339,11.160949
17.344168,17.331806,9.395025,21.028557
13.914651,23.421215,11.336544,21.928864
21.879644,19.489992,15.979292,16.796953
6.826438,15.978185,24.188637,11.8970785
23.053288,20.905313,2.7902968,8.635639
6.8925843,6.4707975,7.521093,5.449516
11.804539,13.452148,8.322631,16.503183
12.03692,18.893482,9.282303,19.151434
24.466326,21.260967,19.805109,20.66352
7.752976,19.105974,26.887157,10.88564
26.646719,23.944328,4.343974,10.927155
8.3166065,8.515958,10.207106,10.142076
16.24698,16.683588,9.211839,20.13961
13.575301,22.471546,10.958399,21.232372
22.925945,20.221455,17.415009,18.300667
7.1592083,17.091736,25.177462,11.606214
24.386587,22.039816,3.3121643,9.58522
7.3889465,7.250613,8.493471,7.240613
13.461228,14.713961,8.694936,17.86498
12.624574,20.165165,9.912621,19.8297
25.142132,21.569818,21.050959,21.762321
8.141496,20.179653,27.92015,10.339951
27.845083,24.983137,5.1111856,11.395588
8.868743,9.093096,11.0976305,11.512906
17.750278,17.547619,9.460482,21.354782
14.033825,23.774548,11.4690895,22.211346
23.709255,20.730108,18.586212,19.472816
7.450987,18.02719,26.017052,11.288573
25.48106,22.97599,3.809402,10.264978
7.826299,7.859904,9.301092,8.65146
14.822536,15.678365,8.976523,18.981356
13.085009,21.253742,10.4159155,20.481339
25.55417,21.68479,21.903559,22.447912
8.456469,20.935453,28.713036,9.890234
28.690132,25.725676,5.755549,11.615346
9.273669,9.455134,11.706686,12.395032
18.815668,18.074322,9.611222,22.199682
14.339559,24.715084,11.810409,23.01337
24.36908,21.121338,19.660069,20.498125
7.7421994,18.915115,26.826643,10.924944
26.495329,23.846714,4.3379345,10.804032
8.257164,8.397286,10.055684,9.9045725
16.086512,16.509665,9.213109,20.011583
13.4950075,22.302284,10.870044,21.173254
25.606548,21.680292,22.020523,22.530968
8.509136,21.029734,28.839006,9.822134
28.808348,25.834145,5.866186,11.630622
9.330982,9.495509,11.781109,12.50101
18.968227,18.131659,9.634207,22.31752
14.378312,24.843487,11.853629,23.142258
24.725494,21.294994,20.28628,21.062738
7.9300346,19.440678,27.334606,10.6735935
27.093813,24.364824,4.7045794,11.06291
8.526094,8.690956,10.494313,10.600354
16.836725,16.953766,9.346632,20.618732
13.727948,22.939178,11.127177,21.638142
25.674557,21.699768,22.170624,22.647642
8.566086,21.175959,28.982862,9.734713
28.961826,25.966051,5.9862566,11.662363
9.406033,9.560894,11.895793,12.657903
19.158253,18.224262,9.6549425,22.467566
14.435037,25.01934,11.915635,23.294436
24.720547,21.298115,20.277113,21.057163
7.9266734,19.434477,27.323353,10.678447
27.08483,24.356783,4.6925626,11.063864
8.520411,8.689435,10.490048,10.595303
16.82481,16.952635,9.342489,20.609003
13.724411,22.928986,11.124882,21.627396
25.58584,21.669067,21.979921,22.49869
8.501494,20.977701,28.80455,9.84492
28.76363,25.804169,5.834507,11.620773
9.304968,9.473109,11.743737,12.455061
18.918024,18.105728,9.630761,22.276924
14.35636,24.78627,11.833343,23.101933
24.890007,21.376472,20.587831,21.330927
8.024485,19.701279,27.582136,10.543603
27.384596,24.61657,4.884292,11.182005
8.657152,8.833486,10.710799,10.937464
17.200422,17.168484,9.404324,20.911283
13.839152,23.25243,11.252508,21.871967
25.793386,21.711622,22.446169,22.85
8.685819,21.427885,29.26803,9.566488
29.244865,26.219303,6.2302294,11.704587
9.541749,9.669167,12.09388,12.929255
19.515352,18.379719,9.695832,22.745195
14.531969,25.33603,12.024275,23.595041
24.804773,21.341066,20.429195,21.193132
7.9721885,19.568521,27.447037,10.613902
27.232023,24.482447,4.7829576,11.124755
8.587655,8.762375,10.600501,10.766102
17.007893,17.06126,9.371954,20.756563
13.782226,23.088606,11.188565,21.744062
25.723547,21.697304,22.286713,22.73159
8.622343,21.269764,29.108301,9.663724
29.078346,26.077087,6.0929327,11.677615
9.45949,9.601711,11.971803,12.766647
19.31036,18.28616,9.675966,22.584793
14.470792,25.14461,11.957776,23.422607
24.668596,21.299902,20.177319,20.978792
7.8858767,19.37164,27.224596,10.724606
26.992746,24.267149,4.6101885,11.0417185
8.477301,8.658266,10.435758,10.507502
16.701254,16.903482,9.3126,20.509203
13.695353,22.834526,11.09235,21.537107
24.716955,21.32202,20.264082,21.055592
7.911745,19.446629,27.296343,10.687818
27.076324,24.338768,4.6642203,11.075003
8.516261,8.6987095,10.497474,10.602728
16.806034,16.963211,9.330876,20.59368
13.728131,22.925333,11.127942,21.604424
24.689072,21.292597,20.218206,21.008677
7.9048877,19.392126,27.268923,10.704734
27.029394,24.305439,4.64905,11.046676
8.494864,8.667416,10.454167,10.538132
16.752552,16.918768,9.327267,20.550837
13.705387,22.87112,11.103483,21.576925
25.615088,21.681067,22.039906,22.545893
8.5175705,21.046387,28.858795,9.810614
28.827465,25.852076,5.882846,11.633751
9.340024,9.502855,11.794541,12.519928
18.993004,18.14261,9.63796,22.337152
14.384643,24.86468,11.860587,23.162127
24.792221,21.326714,20.408327,21.171158
7.969378,19.54268,27.435246,10.621705
27.21073,24.4674,4.7769938,11.111507
8.57794,8.747573,10.579923,10.735823
16.983814,17.04014,9.370592,20.737017
13.771688,23.06357,11.177364,21.732327
25.72598,21.70329,22.288033,22.733137
8.6164255,21.28223,29.104925,9.663897
29.082462,26.073324,6.0919633,11.679776
9.464636,9.606259,11.978869,12.771712
19.310434,18.288357,9.673352,22.58586
14.476715,25.154308,11.961773,23.422882
24.890894,21.364222,20.59131,21.328117
8.029665,19.695332,27.593517,10.540399
27.387281,24.622066,4.8984756,11.174778
8.659539,8.827888,10.705668,10.930104
17.206446,17.16004,9.409278,20.915882
13.838008,23.253489,11.250428,21.882547
25.848322,21.70797,22.575838,22.938437
8.744339,21.546944,29.4109,9.484402
29.381577,26.339972,6.3585486,11.716293
9.609095,9.71646,12.184551,13.049337
19.686584,18.443888,9.714908,22.876936
14.579114,25.489033,12.075191,23.748009
24.735086,21.31029,20.30197,21.081364
7.932139,19.460306,27.340527,10.668849
27.10957,24.376032,4.7032413,11.0769615
8.531564,8.704143,10.510896,10.6272135
16.853994,16.974106,9.345702,20.63262
13.735444,22.956608,11.136782,21.64379
23.574966,17.911993,18.022928,18.479128
8.474699,17.952637,2.168652,14.62784
21.075174,6.6920695,9.853335,20.196709
25.876549,29.606398,14.172599,10.3177185
7.7975736,12.95067,17.873549,21.008549
-5.611091,18.437952,10.456918,18.785961
23.610199,17.832207,18.026335,18.471542
8.548773,17.981419,2.2161238,14.646161
21.092485,6.696937,9.936573,20.162169
25.869545,29.606863,14.315003,10.37106
7.9317007,12.948854,17.876999,21.120707
-5.7203755,18.491682,10.4929905,18.864262
23.606842,17.863928,18.034447,18.469795
8.530849,17.985027,2.2052188,14.627375
21.102947,6.701917,9.921431,20.16737
25.879827,29.635551,14.2589855,10.359352
7.8832784,12.961485,17.871454,21.092789
-5.684727,18.470049,10.476312,18.841063
23.585419,17.859772,18.013859,18.480032
8.510512,17.957115,2.1897664,14.649036
21.068157,6.6886206,9.890049,20.183115
25.863266,29.575417,14.261083,10.339669
7.8795815,12.936438,17.87974,21.062263
-5.674075,18.471716,10.482538,18.828066
23.580269,17.903296,18.024029,18.477978
8.483837,17.95663,2.174324,14.62935
21.078154,6.693506,9.863152,20.192913
25.87647,29.608896,14.1884365,10.324849
7.812416,12.951487,17.873652,21.0221
-5.623555,18.44434,10.460916,18.79505
23.640038,17.783903,18.0397,18.460732
8.607046,18.020123,2.2553716,14.640076
21.12553,6.705727,10.013588,20.126547
25.873236,29.640984,14.399725,10.410563
8.020507,12.961857,17.873371,21.208714
-5.797098,18.519781,10.510599,18.921783
23.599976,17.87844,18.033216,18.471395
8.516313,17.977612,2.196292,14.626341
21.097734,6.7001534,9.903715,20.175013
25.880514,29.632597,14.234512,10.349713
7.8586016,12.960676,17.871553,21.071415
-5.66406,18.461325,10.470365,18.826107
23.662445,17.737234,18.047955,18.453133
8.656709,18.048548,2.2887776,14.642211
21.147192,6.7094154,10.077253,20.096918
25.87282,29.657133,14.483158,10.443969
8.103577,12.9675865,17.872507,21.28459
-5.8668756,18.54725,10.5293045,18.973228
23.610355,17.86367,18.03792,18.467861
8.534755,17.989658,2.208733,14.624517
21.108498,6.7035136,9.927417,20.164402
25.88225,29.644556,14.261019,10.363015
7.8858356,12.96529,17.870407,21.099298
-5.687764,18.470678,10.475861,18.844036
23.681488,17.711607,18.057827,18.446121
8.690684,18.07037,2.3119144,14.640071
21.167313,6.714735,10.119867,20.076878
25.87661,29.681576,14.532389,10.469819
8.151912,12.977266,17.870417,21.336174
-5.909424,18.563795,10.5392065,19.005938
23.627163,17.850271,18.047424,18.462004
8.557449,18.00483,2.224568,14.622086
21.12457,6.7096066,9.953504,20.15326
25.887835,29.669214,14.290402,10.383664
7.9129243,12.975252,17.868444,21.13417
-5.7126503,18.48264,10.481418,18.86416
23.71341,17.654118,18.069777,18.4351
8.756185,18.106922,2.3555105,14.642131
21.198359,6.7214694,10.202518,20.036985
25.877556,29.710629,14.637859,10.516802
8.25527,12.987698,17.867887,21.434698
-5.998013,18.598104,10.561871,19.07162
23.630096,17.849026,18.047338,18.461578
8.559026,18.00268,2.2255983,14.625848
21.12283,6.7100854,9.951183,20.155334
25.88771,29.669222,14.295859,10.387655
7.914886,12.975145,17.869213,21.1368
-5.7139525,18.486738,10.483486,18.864985
23.645157,17.801748,18.045732,18.458677
8.599119,18.017544,2.250911,14.6369095
21.12906,6.7102895,9.9984,20.134775
25.880457,29.660261,14.37658,10.413026
7.993316,12.970232,17.871555,21.196987
-5.7770214,18.515287,10.504345,18.909021
23.614555,17.863146,18.038286,18.467306
8.53627,17.98663,2.2096741,14.629392
21.106447,6.704492,9.9233,20.16775
25.882658,29.645653,14.266791,10.368477
7.8865914,12.965643,17.871273,21.101845
-5.688209,18.47573,10.478167,18.844349
23.699444,17.708834,18.070446,18.438866
8.709296,18.086958,2.325336,14.631189
21.188297,6.723645,10.1424,20.06657
25.885769,29.719215,14.544197,10.489141
8.16331,12.992777,17.86606,21.363712
-5.923695,18.569294,10.539326,19.018929
23.640232,17.83279,18.051115,18.45835
8.577978,18.014025,2.2380967,14.625017
21.132725,6.7131715,9.975349,20.144344
25.888584,29.679008,14.324547,10.401124
7.944029,12.9787445,17.86822,21.165112
-5.739154,18.496683,10.489642,18.883694
23.733772,17.649122,18.085413,18.426544
8.780009,18.128384,2.3725052,14.631489
21.223862,6.7309523,10.232108,20.023127
25.888231,29.755157,14.654965,10.539733
8.272055,13.006374,17.863207,21.470104
-6.017556,18.604578,10.562721,19.089277
23.662395,17.801605,18.060535,18.451231
8.616578,18.036543,2.2637467,14.625079
21.15265,6.719452,10.021471,20.12394
25.891687,29.702242,14.383487,10.431005
8.000981,12.9877205,17.866697,21.223442
-5.7884827,18.518173,10.502581,18.921064
23.72279,17.67193,18.079447,18.431026
8.753679,18.11157,2.354573,14.63249
21.209856,6.7293406,10.196363,20.04108
25.887472,29.742779,14.613555,10.522632
8.230315,13.00148,17.864222,21.430103
-5.9816346,18.592882,10.554398,19.062191
23.656837,17.814514,18.058846,18.452856
8.603285,18.028807,2.2553365,14.624945
21.147024,6.7182927,10.004173,20.131939
25.892082,29.698685,14.361708,10.422711
7.9785695,12.986521,17.866959,21.20368
-5.769586,18.51124,10.497607,18.90719
23.703156,17.719793,18.072351,18.438404
8.703243,18.081238,2.320999,14.632821
21.187096,6.726745,10.127853,20.074665
25.889454,29.727783,14.530926,10.491886
8.145069,12.99634,17.865795,21.354168
-5.909586,18.568403,10.536399,19.00966
23.67582,17.795614,18.068878,18.446125
8.631846,18.047144,2.2750058,14.622614
21.165491,6.7246475,10.03809,20.116825
25.89714,29.724888,14.400628,10.446988
8.015444,12.996988,17.864834,21.24714
-5.802804,18.525978,10.5053,18.933243
23.640888,17.832214,18.050549,18.45835
8.577817,18.012016,2.2382808,14.627776
21.130558,6.7127233,9.972871,20.146114
25.887964,29.676668,14.327395,10.402327
7.944865,12.977814,17.868895,21.16533
-5.7393575,18.498873,10.490923,18.883505
23.618206,17.866241,18.04077,18.466093
8.536664,17.986551,2.210314,14.629731
21.10823,6.7062182,9.920863,20.169521
25.88506,29.652832,14.265307,10.372275
7.8825517,12.968657,17.870935,21.102787
-5.685531,18.476925,10.477675,18.8431
23.53173,17.941727,17.994286,18.496128
8.41702,17.90493,2.1267908,14.645323
21.02449,6.6741705,9.778912,20.22986
25.858112,29.53069,14.109933,10.268457
7.7328744,12.919912,17.88162,20.918724
-5.5499988,18.413757,10.4479265,18.735167
23.348785,18.106995,17.910452,18.550299
8.180191,17.759867,1.9629413,14.654237
20.878326,6.607347,9.517407,20.327288
25.807901,29.319197,13.773096,10.055205
7.4198456,12.837181,17.895521,20.550493
-5.2743125,18.261171,10.375748,18.518023
23.49319,17.955639,17.973522,18.508219
8.380615,17.882885,2.1006718,14.646314
20.996035,6.6588287,9.747029,20.24012
25.842684,29.47451,14.065828,10.224714
7.7003174,12.897417,17.885553,20.861279
-5.5178037,18.388823,10.43948,18.706955
23.377525,18.094404,17.928291,18.54013
8.209938,17.78374,1.9857287,14.647277
20.905533,6.6191745,9.550717,20.315027
25.821049,29.36543,13.805819,10.08592
7.4497614,12.855755,17.891333,20.599098
-5.302736,18.278324,10.380743,18.54285
23.629925,17.800861,18.039429,18.46247
8.590798,18.017656,2.2453766,14.631802
21.123907,6.704051,10.000133,20.131578
25.874596,29.640587,14.365847,10.39512
7.99266,12.962439,17.872007,21.184309
-5.774591,18.505276,10.501663,18.905487
23.50919,17.969824,17.98962,18.500631
8.38618,17.895666,2.107083,14.63488
21.016747,6.6682057,9.752248,20.23774
25.857204,29.520466,14.05234,10.238839
7.6849217,12.916548,17.88007,20.871851
-5.510124,18.386763,10.4326,18.705828
23.691463,17.70176,18.064056,18.442024
8.706982,18.083235,2.3231623,14.635344
21.180288,6.7186713,10.142346,20.06596
25.879793,29.698935,14.5510025,10.481923
8.171965,12.9842415,17.868113,21.360435
-5.9283366,18.569462,10.542104,19.02068
23.595242,17.884068,18.03064,18.473104
8.5084305,17.971928,2.1909215,14.627864
21.092228,6.6983905,9.893265,20.17982
25.879225,29.625795,14.224266,10.343872
7.8478923,12.958006,17.8723,21.059477
-5.654465,18.457825,10.468509,18.818628
23.691093,17.708452,18.06429,18.442266
8.701774,18.07989,2.3197346,14.635423
21.178629,6.719327,10.133705,20.070473
25.881048,29.700867,14.541054,10.480402
8.160699,12.985151,17.868097,21.352571
-5.9191985,18.567322,10.539905,19.014301
23.63668,17.84359,18.050856,18.459234
8.568104,18.00888,2.2319093,14.624475
21.129349,6.712622,9.962059,20.150608
25.889736,29.67891,14.307194,10.395591
7.925877,12.978992,17.868275,21.150564
-5.724079,18.49128,10.4855995,18.872974
23.670277,17.752079,18.058527,18.448734
8.656242,18.05705,2.2898738,14.630095
21.161697,6.7162294,10.078422,20.096165
25.882687,29.68891,14.461963,10.448398
8.084175,12.981327,17.868177,21.28371
-5.8552895,18.540436,10.521517,18.967503
23.600971,17.885662,18.034054,18.471155
8.511282,17.973295,2.1934354,14.628201
21.095522,6.7008057,9.8934555,20.180637
25.882109,29.635427,14.226304,10.350101
7.8469863,12.961977,17.87175,21.064308
-5.654595,18.460732,10.468806,18.819464
23.629211,17.814894,18.040749,18.462458
8.58052,18.011993,2.2391381,14.630943
21.122005,6.70524,9.984404,20.139315
25.877558,29.646305,14.34536,10.392059
7.969774,12.965031,17.87149,21.169119
-5.756374,18.500141,10.49666,18.89285
23.540825,17.948145,18.005732,18.490477
8.423616,17.91867,2.1336515,14.633339
21.042141,6.6798573,9.791416,20.223064
25.867455,29.562366,14.102674,10.276064
7.728813,12.933264,17.87727,20.930311
-5.5500946,18.410557,10.442877,18.738214
23.595802,17.837917,18.022089,18.474655
8.537504,17.9816,2.2088292,14.638746
21.088833,6.6920657,9.933592,20.161505
25.86605,29.594055,14.294499,10.352763
7.9212794,12.9442005,17.876696,21.103386
-5.710677,18.478977,10.487744,18.856045
23.471619,18.019047,17.974934,18.511219
8.326332,17.85936,2.0678008,14.637753
20.984314,6.654939,9.680454,20.266907
25.850714,29.48338,13.963783,10.193082
7.596563,12.902454,17.882715,20.781336
-5.4338837,18.351511,10.412989,18.647825
23.37917,18.012806,17.910103,18.546558
8.260253,17.79812,2.0117068,14.662037
20.89939,6.6139603,9.620516,20.286194
25.797882,29.307241,13.920626,10.098913
7.5733104,12.830622,17.899925,20.668873
-5.3979754,18.314178,10.4128685,18.606565
22.78331,18.411158,17.619333,18.703754
7.636237,17.39522,1.5525808,14.684609
20.462805,6.3858204,8.971559,20.469818
25.585983,28.628075,13.035657,9.474382
6.7944756,12.564081,17.940626,19.651901
-4.70943,17.838778,10.229537,18.043177
23.327076,18.075253,17.889606,18.560202
8.185346,17.755453,1.9606651,14.660085
20.860355,6.5966606,9.535358,20.31754
25.787523,29.261072,13.80219,10.036613
7.4613643,12.813271,17.901716,20.551975
-5.302756,18.262726,10.386026,18.533419
23.098648,18.282866,17.790903,18.618156
7.906093,17.585764,1.7671887,14.668151
20.690756,6.50921,9.229302,20.416262
25.723331,29.028753,13.392562,9.786944
7.0795693,12.722794,17.913937,20.11331
-4.9713836,18.063837,10.296237,18.272032
23.505913,17.908371,17.975307,18.50474
8.42258,17.908894,2.1275682,14.644562
21.012045,6.6606646,9.807609,20.212513
25.838135,29.473711,14.137734,10.2442875
7.7802763,12.896269,17.88562,20.924189
-5.5830965,18.410475,10.456103,18.753847
23.252132,18.190737,17.869549,18.575045
8.064173,17.692493,1.8835082,14.654961
20.809198,6.570335,9.3944,20.367218
25.781473,29.21971,13.60324,9.947831
7.265411,12.798437,17.900816,20.369839
-5.1388474,18.178213,10.338007,18.411333
23.610481,17.793308,18.024647,18.470308
8.579145,18.00496,2.235727,14.640222
21.104061,6.693801,9.990274,20.13496
25.862139,29.596802,14.367215,10.37596
7.9976172,12.944223,17.876635,21.165987
-5.77353,18.501595,10.504567,18.901276
23.42379,18.055265,17.951654,18.525745
8.269057,17.824032,2.0273294,14.640208
20.946514,6.6371026,9.619161,20.289074
25.835901,29.424484,13.884627,10.13808
7.525679,12.879112,17.886631,20.691656
-5.3702865,18.313942,10.396489,18.596893
23.619148,17.787178,18.027933,18.467722
8.589125,18.0095,2.2424998,14.641132
21.109787,6.6969404,9.999762,20.131163
25.864162,29.606806,14.3816185,10.386604
8.009408,12.947964,17.875889,21.181095
-5.7843347,18.508438,10.507656,18.909681
23.533772,17.960783,18.00453,18.492283
8.410906,17.912851,2.1251564,14.631793
21.037832,6.6780934,9.776501,20.229008
25.868053,29.559937,14.080332,10.266853
7.706999,12.932579,17.877192,20.911106
-5.531952,18.401634,10.43734,18.725367
23.64888,17.74151,18.043016,18.456722
8.645757,18.046885,2.281292,14.636796
21.142494,6.7048326,10.073522,20.096722
25.86904,29.642294,14.465601,10.426905
8.094326,12.961855,17.872587,21.267576
-5.858093,18.536095,10.524813,18.965685
23.528156,17.964018,18.002043,18.493721
8.404941,17.91002,2.121375,14.63115
21.034359,6.6759114,9.7716465,20.230452
25.866247,29.552986,14.072085,10.260117
7.7007527,12.92985,17.877426,20.9021
-5.5261827,18.397284,10.435452,18.72048
23.588848,17.83634,18.013775,18.479504
8.528909,17.966328,2.201481,14.652281
21.072369,6.6870513,9.915648,20.170835
25.860065,29.568697,14.29862,10.34815
7.918128,12.933546,17.881155,21.090345
-5.7047772,18.48218,10.4913225,18.850409
23.594257,17.883953,18.031057,18.47302
8.509001,17.974562,2.1911802,14.624689
21.094646,6.6986146,9.897003,20.177338
25.879568,29.627703,14.222021,10.342314
7.848406,12.958742,17.871567,21.06
-5.6552486,18.455574,10.4673195,18.819408
23.668564,17.709347,18.04834,18.451431
8.680799,18.06082,2.3040433,14.645809
21.153538,6.708239,10.1094675,20.081217
25.86923,29.653725,14.529296,10.456649
8.1506,12.965662,17.873505,21.321053
-5.9047885,18.560625,10.54025,19.000664
23.55745,17.93048,18.014322,18.484968
8.448773,17.935928,2.1506844,14.62985
21.058996,6.6860647,9.8224745,20.209656
25.872173,29.584694,14.136175,10.296204
7.7623367,12.942072,17.875256,20.968676
-5.579968,18.423391,10.44939,18.76178
23.6781,17.710333,18.054102,18.44789
8.687763,18.06632,2.3093736,14.6429615
21.16207,6.7130175,10.11573,20.078949
25.873854,29.671804,14.53255,10.466454
8.152112,12.973021,17.871449,21.33143
-5.9083714,18.563871,10.540083,19.004246
23.521294,17.963997,17.99499,18.497059
8.397669,17.900648,2.115576,14.636991
21.023401,6.672356,9.761088,20.235579
25.860785,29.53435,14.069619,10.253057
7.6971917,12.922054,17.879597,20.8902
-5.521377,18.396627,10.436646,18.714931
23.470669,17.993647,17.963413,18.515923
8.33684,17.85226,2.0708563,14.652455
20.970884,6.6516047,9.688106,20.265736
25.83944,29.450737,14.00222,10.196641
7.6312613,12.888233,17.88774,20.794191
-5.4592285,18.366554,10.426035,18.662771
23.52478,17.965357,17.999958,18.494871
8.401525,17.907772,2.1188138,14.631321
21.031609,6.6746874,9.768428,20.231577
25.864794,29.547766,14.067817,10.2561655
7.6975594,12.927704,17.877716,20.896555
-5.5231028,18.39505,10.434671,18.717722
23.616043,17.78459,18.025394,18.469112
8.588052,18.0076,2.241365,14.6432905
21.106161,6.6949887,9.998784,20.131582
25.861845,29.59862,14.384295,10.3839855
8.01236,12.944586,17.8769,21.179453
-5.785722,18.508718,10.508907,18.910131
23.54789,17.939793,18.010923,18.487501
8.436429,17.930313,2.1424315,14.62814
21.053268,6.682962,9.810416,20.213926
25.870499,29.576084,14.116447,10.284348
7.745399,12.93878,17.875517,20.949867
-5.5651937,18.414318,10.444686,18.750551
23.638103,17.750021,18.034569,18.461811
8.628691,18.03062,2.268862,14.645025
21.125772,6.700102,10.047764,20.109488
25.864185,29.619503,14.449704,10.414895
8.075165,12.9524555,17.875837,21.241728
-5.839215,18.532053,10.523329,18.950493
23.580357,17.907532,18.02766,18.476665
8.48364,17.961624,2.1749282,14.623195
21.08435,6.694631,9.866861,20.190035
25.879652,29.619015,14.180484,10.323928
7.80743,12.955826,17.87201,21.022291
-5.620549,18.439795,10.457432,18.794176
23.648869,17.716743,18.036695,18.458708
8.659333,18.045662,2.2887957,14.649946
21.135105,6.7000628,10.0869665,20.090788
25.861263,29.619892,14.507436,10.433867
8.131951,12.951872,17.876694,21.28853
-5.8855023,18.550217,10.536827,18.984259
23.533134,17.95947,18.00481,18.491932
8.412059,17.915194,2.1263928,14.629787
21.039595,6.677839,9.78054,20.22663
25.867884,29.56032,14.081,10.265973
7.7097993,12.932762,17.876749,20.913101
-5.5343075,18.400827,10.437073,18.726976
7.688848,13.4051285,28.767624,13.429691
9.169273,0.2455366,17.775047,3.9789944
9.824975,24.08842,19.057901,19.372732
14.848677,16.263487,6.67373,8.683906
5.2637362,17.041925,9.969075,7.091945
9.166419,3.9201186,0.9569113,26.602514
7.57367,13.387233,28.52386,13.48806
9.13842,0.19643423,17.796072,3.9315403
9.730792,23.938152,18.94145,19.181345
14.926031,16.162363,6.577486,8.674225
5.2309093,16.916626,9.93417,7.0802803
9.08139,3.8488,0.96880716,26.587004
7.688198,13.406692,28.77913,13.430889
9.171632,0.24468264,17.779564,3.9794421
9.826502,24.095877,19.068672,19.372599
14.852142,16.265434,6.6714854,8.689404
5.269133,17.049534,9.970369,7.09053
9.167033,3.9251153,0.9518615,26.605312
7.490267,13.373872,28.330236,13.51912
9.117254,0.15575334,17.821405,3.8852334
9.645138,23.817398,18.850945,19.006954
14.998574,16.069544,6.5038934,8.654679
5.199624,16.808348,9.923937,7.0871043
9.025544,3.7884204,0.96107763,26.576015
7.6813035,13.406059,28.760977,13.433607
9.169289,0.24087748,17.781786,3.9741468
9.818647,24.084167,19.05983,19.355925
14.85899,16.256458,6.6652603,8.686706
5.2655663,17.039272,9.971042,7.0921793
9.162388,3.9188745,0.9511097,26.604723
7.521284,13.377564,28.414515,13.513155
9.126398,0.1747931,17.805624,3.9123528
9.687249,23.870754,18.889503,19.094345
14.961868,16.11491,6.5330153,8.670283
5.2174215,16.858814,9.915002,7.074662
9.043396,3.8172233,0.9726861,26.578959
7.717327,13.412503,28.838585,13.416048
9.177719,0.25555035,17.775148,3.9878325
9.848988,24.132366,19.09809,19.417374
14.833723,16.290516,6.69586,8.690629
5.2762194,17.080626,9.98378,7.0950303
9.188953,3.9420455,0.94780624,26.610094
7.442371,13.3682375,28.257713,13.548097
9.108269,0.13578916,17.83213,3.872625
9.6149845,23.774145,18.826223,18.94415
15.028577,16.038794,6.463241,8.665172
5.1995196,16.776325,9.904106,7.073373
8.991028,3.7717702,0.96340483,26.573484
7.704137,13.410607,28.817076,13.423343
9.176055,0.25041428,17.778744,3.9842455
9.839627,24.119043,19.089598,19.397532
14.843335,16.279919,6.684076,8.692342
5.275507,17.069944,9.978203,7.0924883
9.179373,3.936518,0.9476426,26.609276
7.482948,13.380483,28.370619,13.530998
9.121463,0.14994502,17.83505,3.8882875
9.653519,23.845694,18.892519,19.013823
15.007419,16.082388,6.495457,8.680787
5.2218237,16.84075,9.924915,7.0749335
9.0239315,3.8082187,0.94989336,26.586971
7.735609,13.418659,28.895891,13.407724
9.185652,0.26134017,17.7794,3.9939559
9.8654375,24.167896,19.134815,19.446096
14.827434,16.309381,6.7085333,8.699657
5.2898073,17.11292,9.994734,7.096144
9.204872,3.9610274,0.93678313,26.617779
7.506406,13.389868,28.44597,13.519304
9.1316395,0.15579492,17.845001,3.8943663
9.673417,23.89361,18.9425,19.045288
15.003139,16.105774,6.511522,8.69276
5.2386837,16.88351,9.9440975,7.078543
9.045881,3.8330615,0.9319424,26.59861
7.712019,13.411309,28.826574,13.4187155
9.176093,0.2537062,17.7755,3.986438
9.84523,24.125399,19.091393,19.41003
14.836163,16.286764,6.6918073,8.690119
5.2740955,17.074602,9.981216,7.093875
9.184725,3.9387014,0.94945526,26.608702
7.575251,13.390585,28.54672,13.486292
9.144191,0.1948067,17.806772,3.9309728
9.731479,23.952564,18.962421,19.175972
14.935635,16.162432,6.5745134,8.681579
5.2397337,16.928978,9.940793,7.082076
9.086201,3.857302,0.95481104,26.592815
7.663782,13.400241,28.71589,13.442767
9.163439,0.236249,17.778337,3.9715877
9.806361,24.056908,19.03175,19.335299
14.863511,16.243073,6.6529527,8.682914
5.257032,17.015284,9.95768,7.087589
9.147099,3.9054844,0.9612433,26.598063
7.5642614,13.392619,28.540567,13.491313
9.14279,0.18661982,17.81816,3.9240162
9.722584,23.950764,18.970049,19.15397
14.949657,16.156319,6.5642047,8.687411
5.243775,16.929573,9.946317,7.081163
9.082399,3.8581421,0.9460286,26.596764
7.72784,13.416271,28.877218,13.412225
9.183506,0.25945082,17.778225,3.992917
9.8604,24.156403,19.123148,19.436884
14.829852,16.303415,6.7025976,8.698561
5.2863727,17.1029,9.98872,7.0940156
9.197708,3.9553883,0.9408111,26.615202
7.6052804,13.406544,28.660881,13.4724655
9.156905,0.19882789,17.82598,3.9365914
9.759211,24.026955,19.045607,19.218964
14.9326725,16.200134,6.595545,8.70464
5.2695584,16.998878,9.973248,7.0843143
9.1180725,3.8977206,0.9258894,26.612963
7.7168207,13.41594,28.857029,13.416884
9.18077,0.2531897,17.78401,3.9864519
9.850365,24.144705,19.116436,19.414528
14.840562,16.293564,6.6928315,8.698584
5.2843566,17.093292,9.989728,7.094236
9.191388,3.9499953,0.9379981,26.61534
7.6180143,13.410355,28.69283,13.464763
9.162034,0.20263922,17.829613,3.9385376
9.767504,24.04636,19.064596,19.23158
14.930607,16.208677,6.603672,8.706751
5.274848,17.014946,9.983031,7.088503
9.12903,3.9070294,0.9170715,26.617292
7.7266345,13.418241,28.87942,13.4120245
9.183727,0.2568018,17.78365,3.9890423
9.857865,24.15806,19.128433,19.428413
14.835825,16.301382,6.700165,8.699792
5.287843,17.1048,9.994669,7.096005
9.198842,3.9564087,0.9349072,26.61768
7.6294513,13.406002,28.70403,13.464044
9.163677,0.21495777,17.809277,3.9541583
9.784296,24.051046,19.05614,19.274372
14.905498,16.222689,6.616814,8.705049
5.2737837,17.018738,9.964532,7.0815253
9.129594,3.909003,0.9366,26.610882
7.739854,13.420365,28.909712,13.405648
9.187166,0.26252767,17.781109,3.9951475
9.869643,24.177185,19.143702,19.452934
14.825848,16.315092,6.7116227,8.70213
5.292658,17.121393,9.998295,7.0960846
9.208668,3.9659626,0.9339385,26.619558
7.6580596,13.400662,28.706276,13.444705
9.162467,0.23240808,17.78341,3.9667332
9.799614,24.05111,19.03005,19.319868
14.871686,16.236393,6.647116,8.682685
5.2563615,17.010649,9.960508,7.088928
9.144514,3.9027684,0.9570878,26.599112
7.6716475,13.403338,28.74278,13.43929
9.167534,0.2385641,17.781569,3.973934
9.813305,24.07345,19.04966,19.3463
14.862316,16.25077,6.657737,8.687567
5.2636957,17.030357,9.963229,7.0883665
9.154152,3.9143384,0.95478845,26.602182
7.491655,13.359379,28.31069,13.526468
9.116579,0.1735549,17.785135,3.9138033
9.662992,23.803818,18.812199,19.06316
14.960557,16.083443,6.5133457,8.651679
5.1935925,16.796356,9.875135,7.067227
9.012243,3.7827103,1.0031239,26.557833
7.4452596,13.337873,28.165455,13.547185
9.0987215,0.16439688,17.764534,3.906766
9.622958,23.711933,18.714619,19.007317
14.966233,16.040041,6.4835024,8.628557
5.164156,16.715038,9.831965,7.057509
8.969857,3.736666,1.0397779,26.533503
7.36026,13.325521,27.988052,13.58848
9.078471,0.126497,17.783562,3.866237
9.549453,23.599716,18.634172,18.854227
15.030702,15.958951,6.406881,8.621155
5.1421604,16.620483,9.810207,7.05219
8.907914,3.6840103,1.0387312,26.523092
7.5188837,13.3540125,28.328127,13.510291
9.116483,0.19156775,17.75931,3.9322042
9.682883,23.814798,18.798908,19.122995
14.9223995,16.10679,6.5455704,8.637571
5.1855397,16.802095,9.866339,7.067508
9.027262,3.784878,1.0264096,26.548409
7.4637933,13.360768,28.264397,13.538003
9.110119,0.15504009,17.80413,3.8924985
9.634586,23.77588,18.803417,18.998226
14.993414,16.055317,6.4865193,8.652538
5.190539,16.773987,9.884461,7.070673
8.997679,3.7699282,0.98899895,26.561543
7.6085587,13.383156,28.56665,13.469021
9.145172,0.21877167,17.771194,3.9557135
9.759047,23.963413,18.942135,19.252508
14.886837,16.189594,6.6118097,8.665069
5.2287283,16.932661,9.923788,7.080974
9.101226,3.85833,0.98609346,26.579592
7.510268,13.382476,28.41461,13.515799
9.126973,0.1631749,17.826036,3.8998027
9.673821,23.872612,18.906824,19.058184
14.986152,16.103727,6.519662,8.6769905
5.2235947,16.861673,9.930424,7.0789
9.042869,3.819657,0.9523559,26.587057
7.688556,13.406589,28.772814,13.4300165
9.170105,0.24438563,17.778465,3.97753
9.824934,24.09174,19.063587,19.36993
14.851829,16.263664,6.6722674,8.686158
5.265944,17.045427,9.972105,7.0923433
9.167106,3.9221952,0.95302725,26.604471
7.5228343,13.382397,28.431145,13.509975
9.128089,0.17035988,17.817745,3.9067469
9.684953,23.882725,18.908707,19.084202
14.971851,16.115578,6.532246,8.674487
5.222933,16.869741,9.929485,7.078831
9.050059,3.8236935,0.958735,26.585386
7.70653,13.411278,28.82517,13.421914
9.177291,0.25136366,17.779915,3.985513
9.841924,24.124626,19.094616,19.401466
14.842568,16.283098,6.685758,8.693825
5.2772274,17.074776,9.979608,7.0922756
9.1816025,3.9395235,0.9457992,26.610054
7.5792584,13.387409,28.54134,13.484695
9.141622,0.19955951,17.796173,3.9372125
9.736432,23.950132,18.951366,19.19419
14.922107,16.169403,6.5824547,8.677318
5.23545,16.926548,9.933139,7.078775
9.086724,3.8555024,0.967279,26.587631
7.6705904,13.401861,28.736223,13.439832
9.166853,0.23915341,17.77892,3.9748335
9.812361,24.06904,19.04387,19.346537
14.860737,16.249193,6.6576214,8.6857605
5.261818,17.026117,9.959849,7.0878587
9.152464,3.911898,0.95800394,26.600458
7.5588923,13.38093,28.470894,13.489884
9.133173,0.19097292,17.795998,3.9243848
9.711286,23.905403,18.908194,19.146692
14.936379,16.140574,6.5659533,8.662272
5.2174892,16.884071,9.928169,7.083958
9.070969,3.830787,0.9723703,26.579676
7.622676,13.386342,28.600409,13.462031
9.149377,0.22414795,17.770878,3.960802
9.770805,23.98455,18.960358,19.274817
14.879047,16.202703,6.6230574,8.667819
5.2340603,16.950802,9.930174,7.082467
9.112227,3.868643,0.9822785,26.582785
7.434535,13.351873,28.187525,13.552998
9.100003,0.14615339,17.799025,3.8840356
9.610992,23.727394,18.757532,18.958014
15.003792,16.029682,6.464678,8.644391
5.1769247,16.73264,9.865715,7.0651774
8.972671,3.7462428,1.0031985,26.551601
7.5995507,13.377901,28.532682,13.472265
9.140794,0.21747151,17.76558,3.9548259
9.750209,23.94229,18.917889,19.241299
14.886607,16.180079,6.606995,8.658068
5.2202587,16.913086,9.914243,7.079612
9.092711,3.847079,0.9954564,26.573362
7.055352,13.258601,27.321333,13.7382965
9.0053215,0.009352863,17.8029,3.7497706
9.2935,23.17236,18.302286,18.365623
15.2161665,15.678071,6.142572,8.584994
5.061881,16.259783,9.672521,7.010563
8.671938,3.4868157,1.080263,26.461075
7.119844,13.240935,27.361046,13.693148
9.006234,0.05699137,17.743122,3.8016038
9.340848,23.20253,18.261883,18.52076
15.118578,15.746103,6.2260585,8.549272
5.0464373,16.281015,9.647235,7.0066986
8.711276,3.4975762,1.1420677,26.434408
7.1243334,13.266602,27.45247,13.703997
9.019829,0.042833358,17.784458,3.7856138
9.354065,23.257254,18.351887,18.49336
15.159376,15.745197,6.207982,8.586045
5.0736313,16.330854,9.68679,7.014723
8.72109,3.5255368,1.0893167,26.465872
7.352165,13.301985,27.901608,13.585121
9.065953,0.13869455,17.74356,3.8834662
9.539388,23.547483,18.551022,18.879166
14.993904,15.9564,6.4192,8.591743
5.116375,16.571661,9.766719,7.041714
8.893157,3.6566198,1.0900857,26.494331
7.2287636,13.301273,27.715212,13.653742
9.048273,0.07220656,17.802006,3.813376
9.439546,23.426285,18.507183,18.637068
15.118787,15.838713,6.2916846,8.611535
5.112044,16.474943,9.76055,7.0364594
8.809602,3.604397,1.0474365,26.502745
7.4640346,13.33609,28.179298,13.534106
9.09776,0.17406234,17.752052,3.9155786
9.633852,23.721983,18.71055,19.041517
14.9443445,16.055756,6.5057635,8.618709
5.158934,16.721313,9.833752,7.060294
8.983212,3.7392166,1.0506438,26.529238
7.3159575,13.330082,27.939861,13.611306
9.07198,0.09684247,17.816525,3.837416
9.51221,23.571707,18.641232,18.762426
15.082836,15.921936,6.362477,8.635293
5.147887,16.600838,9.821843,7.0516095
8.884669,3.6740212,1.0123601,26.5332
7.567802,13.368498,28.449753,13.487045
9.130436,0.20698473,17.762678,3.9453425
9.723156,23.890743,18.869389,19.19405
14.900431,16.150799,6.58332,8.648943
5.205496,16.868084,9.896021,7.0753665
9.067097,3.8216045,1.0084033,26.56331
7.3720193,13.349174,28.09002,13.582801
9.090695,0.11222497,17.830069,3.851089
9.556463,23.666859,18.733389,18.835741
15.065795,15.971113,6.4046245,8.651562
5.17408,16.682858,9.863341,7.0637865
8.933595,3.720123,0.98240423,26.554853
7.6613154,13.3961735,28.69451,13.44286
9.160387,0.2373403,17.771141,3.9728534
9.802425,24.043324,19.013605,19.334204
14.859067,16.238388,6.653798,8.675909
5.25,17.001856,9.950529,7.0874457
9.143534,3.8975303,0.97027135,26.59288
7.3916683,13.349617,28.11467,13.572657
9.090977,0.122448534,17.818605,3.8606849
9.5728245,23.683405,18.73655,18.875313
15.0437565,15.991081,6.4257107,8.646925
5.1725354,16.69658,9.865169,7.0640554
8.946555,3.726803,0.9921743,26.552452
7.6635046,13.396603,28.69607,13.441441
9.160171,0.2378852,17.770483,3.972476
9.803223,24.044092,19.01372,19.335922
14.857831,16.239233,6.655779,8.674604
5.249237,17.002323,9.95241,7.0886655
9.145174,3.8974674,0.9703174,26.592987
7.4855275,13.370374,28.332796,13.532221
9.115172,0.16086075,17.806458,3.8988724
9.658615,23.81959,18.846962,19.040281
14.980773,16.084284,6.5047536,8.665182
5.2052965,16.816362,9.899803,7.0693293
9.015164,3.79272,0.98232496,26.571796
7.719395,13.411931,28.842958,13.415513
9.178437,0.2574555,17.772799,3.9907248
9.851842,24.135052,19.099016,19.424658
14.830041,16.293478,6.698164,8.691162
5.277025,17.082888,9.981265,7.09376
9.18973,3.9435318,0.94989824,26.609482
7.40819,13.365571,28.210249,13.569071
9.102122,0.12020975,17.842045,3.862086
9.593458,23.745888,18.813454,18.897306
15.0521965,16.016905,6.43359,8.674366
5.201029,16.75604,9.893031,7.0642424
8.967054,3.7612617,0.96219647,26.573526
7.667534,13.39673,28.70346,13.440216
9.160543,0.24042419,17.767502,3.9753923
9.80821,24.048872,19.015543,19.346775
14.852148,16.2448,6.659946,8.67509
5.249614,17.006533,9.951438,7.087519
9.147022,3.899783,0.97292286,26.592445
7.3941703,13.359231,28.172161,13.577339
9.098407,0.11858055,17.835346,3.8624704
9.584888,23.721281,18.787163,18.884562
15.053249,16.005362,6.422969,8.670888
5.194395,16.734457,9.876352,7.0590534
8.95297,3.7494943,0.97327197,26.566376
7.5947747,13.379772,28.533731,13.47495
9.141885,0.21372235,17.772966,3.9507608
9.746595,23.942957,18.924282,19.228268
14.896032,16.175726,6.600126,8.6620455
5.2232084,16.914448,9.917904,7.0801325
9.090735,3.8482306,0.98796767,26.576372
7.464966,13.352876,28.245207,13.538622
9.109485,0.16342753,17.786415,3.9030175
9.638346,23.761799,18.777021,19.01666
14.977417,16.055553,6.4909177,8.644893
5.18322,16.75979,9.86355,7.065932
8.991549,3.7620628,1.0081073,26.551777
7.6431365,13.391752,28.653515,13.452227
9.155988,0.23118249,17.771662,3.967814
9.788074,24.017576,18.991367,19.307095
14.868946,16.222027,6.639027,8.673484
5.244156,16.97982,9.940551,7.084621
9.12901,3.885245,0.975057,26.588825
7.3572016,13.34271,28.041061,13.589783
9.083548,0.108903825,17.822731,3.8475049
9.544044,23.636177,18.700386,18.817831
15.066745,15.958004,6.3951907,8.643499
5.163263,16.655989,9.850667,7.060555
8.919828,3.7045777,0.995187,26.546537
7.6939526,13.403727,28.768831,13.426919
9.168698,0.24921021,17.76879,3.98281
9.828982,24.08918,19.053324,19.385056
14.840219,16.267944,6.680134,8.680657
5.261166,17.041645,9.966328,7.0916553
9.168668,3.9196618,0.9628469,26.600002
7.335225,13.342349,28.008581,13.601301
9.078968,0.096571,17.832808,3.836119
9.52654,23.61688,18.693516,18.778717
15.086458,15.940693,6.3753266,8.647462
5.162832,16.641119,9.8502865,7.058378
8.906119,3.6966069,0.9896279,26.547878
7.726317,13.413181,28.857002,13.411895
9.17968,0.25995156,17.771296,3.9929945
9.8570595,24.14374,19.10626,19.436142
14.825143,16.299616,6.704481,8.691381
5.2790246,17.090399,9.984117,7.094644
9.19527,3.9476793,0.94948775,26.610569
7.2841353,13.334317,27.907114,13.626988
9.0655,0.07372522,17.841711,3.8154256
9.4850235,23.554586,18.649666,18.696976
15.119881,15.898254,6.332639,8.646225
5.1522293,16.58954,9.834425,7.0511107
8.869554,3.6682532,0.992927,26.541416
7.6619844,13.39612,28.69328,13.442314
9.159991,0.23756734,17.770437,3.972533
9.802322,24.042414,19.012161,19.334404
14.85841,16.238235,6.6545873,8.674735
5.249033,17.000906,9.9510355,7.0880613
9.143896,3.8967745,0.97085273,26.59258
13.820255,10.920671,23.453775,8.786755
11.68735,19.542336,6.380718,21.315424
17.692535,14.574451,13.554661,17.688871
20.815266,2.2335415,19.161715,17.70385
4.916635,7.7161317,21.642267,20.018497
18.574577,24.43165,11.222966,21.295237
13.899007,11.481106,23.38595,8.504412
12.186357,19.854336,6.483347,21.305216
17.738022,15.020411,13.939824,18.036179
21.59383,2.8247437,19.228367,18.44882
4.8657107,7.8938403,21.746939,20.219112
19.171087,24.737219,11.308557,21.866863
13.829494,10.996006,23.448013,8.754307
11.740282,19.587896,6.3978057,21.322786
17.709078,14.641137,13.608828,17.734505
20.911716,2.3167272,19.178822,17.799376
4.89734,7.742886,21.659037,20.05615
18.64558,24.478647,11.239593,21.35546
13.881476,11.23001,23.420948,8.628601
11.974416,19.75486,6.4461145,21.31215
17.729162,14.854955,13.788156,17.898396
21.282812,2.6054118,19.210787,18.147602
4.8696575,7.826283,21.715216,20.148413
18.928082,24.631899,11.278198,21.650124
13.834121,10.997952,23.447718,8.749834
11.7509365,19.59395,6.398624,21.319778
17.706148,14.646645,13.613761,17.73911
20.925697,2.3250427,19.177637,17.80943
4.9001436,7.7452183,21.661287,20.054813
18.656857,24.484081,11.238994,21.373407
13.912808,11.569899,23.375803,8.455805
12.267469,19.902555,6.4995127,21.303535
17.745192,15.091303,14.002519,18.091675
21.722412,2.9185956,19.236961,18.56915
4.858514,7.923882,21.762478,20.251167
19.26726,24.789064,11.3226,21.962505
13.828841,11.005896,23.445463,8.748823
11.751048,19.586395,6.397281,21.320072
17.704718,14.642322,13.611761,17.737934
20.920605,2.3193684,19.176647,17.8075
4.9032416,7.743441,21.658415,20.053164
18.655075,24.477545,11.238075,21.363998
13.94494,11.793363,23.34501,8.326593
12.489128,20.007841,6.5315657,21.2862
17.745625,15.248517,14.149569,18.228498
22.045732,3.1380794,19.243065,18.86873
4.8647118,7.9913325,21.793678,20.311546
19.515594,24.904076,11.347963,22.218348
13.835937,11.0394745,23.444027,8.732861
11.777133,19.611902,6.406515,21.323969
17.713623,14.677471,13.639807,17.760872
20.971043,2.362879,19.185408,17.855547
4.892479,7.7579255,21.668022,20.072475
18.691126,24.50466,11.246837,21.398598
13.96391,11.960093,23.3224,8.231606
12.64415,20.079403,6.556063,21.277836
17.751406,15.362568,14.257396,18.326288
22.27862,3.293912,19.248257,19.086061
4.864862,8.041295,21.814278,20.360626
19.68983,24.987537,11.369526,22.391592
13.832435,11.058761,23.44093,8.726318
11.7871,19.611366,6.407779,21.324808
17.713936,14.683225,13.646274,17.767004
20.982317,2.3701577,19.186274,17.86916
4.8937893,7.7602496,21.667698,20.075539
18.701735,24.505789,11.24816,21.401173
13.978403,12.015559,23.321178,8.199202
12.692715,20.123598,6.568789,21.282488
17.767204,15.420236,14.304604,18.366722
22.372166,3.3709702,19.25865,19.173798
4.8490157,8.066758,21.828243,20.39409
19.754616,25.039213,11.383848,22.462984
13.829372,11.016207,23.445545,8.748352
11.749726,19.599997,6.402382,21.325666
17.716272,14.657207,13.621115,17.745806
20.93252,2.337708,19.184393,17.823578
4.8888826,7.7483883,21.662931,20.068987
18.659748,24.488144,11.245037,21.362762
13.898416,11.422806,23.401917,8.538126
12.118757,19.847013,6.4823837,21.322268
17.756874,15.002665,13.915519,18.007301
21.523956,2.7924895,19.238565,18.383787
4.842291,7.887835,21.747192,20.225819
19.10808,24.735388,11.312517,21.805807
13.823456,10.947263,23.451967,8.778963
11.698621,19.567251,6.3897653,21.321657
17.707111,14.604413,13.576126,17.707396
20.84976,2.2710698,19.173042,17.742138
4.8977532,7.7268386,21.650723,20.042772
18.595655,24.451979,11.233478,21.308512
13.926918,11.716175,23.360184,8.381489
12.385759,19.971012,6.5253844,21.307327
17.763313,15.200065,14.099208,18.17578
21.91514,3.0600817,19.252201,18.75456
4.8436327,7.970325,21.784664,20.306318
19.409431,24.868773,11.3474655,22.09333
13.839581,11.067377,23.442568,8.724064
11.7899065,19.63771,6.41559,21.330568
17.728708,14.708671,13.662401,17.780132
21.007973,2.402319,19.196842,17.89605
4.8739862,7.769419,21.676928,20.097128
18.714113,24.527145,11.257582,21.414782
13.955792,11.956998,23.328379,8.245266
12.611314,20.079237,6.560877,21.295422
17.772982,15.36803,14.256244,18.318838
22.254116,3.2905424,19.261385,19.071692
4.8428726,8.042969,21.81618,20.378035
19.664366,24.992456,11.378796,22.34845
13.839211,11.119783,23.435318,8.702457
11.826831,19.654917,6.4230165,21.33171
17.733072,14.740055,13.690687,17.80601
21.062145,2.4433994,19.202448,17.952055
4.870938,7.781504,21.682514,20.112806
18.757505,24.54493,11.264443,21.446226
13.959978,11.911709,23.339277,8.268503
12.56869,20.076607,6.5580015,21.302586
17.779604,15.354963,14.23798,18.29899
22.2061,3.2690427,19.267231,19.024551
4.8311944,8.037948,21.817162,20.377424
19.624483,24.989206,11.37779,22.316038
13.843648,11.111613,23.43798,8.704134
11.824414,19.66044,6.4238653,21.332233
17.734674,14.7428465,13.691431,17.805851
21.063662,2.446739,19.203485,17.951126
4.8681145,7.7829576,21.684872,20.114285
18.756868,24.550638,11.265128,21.452227
13.925693,11.676692,23.374075,8.408764
12.32989,19.970076,6.5264063,21.325409
17.78456,15.193615,14.084364,18.155542
21.862352,3.042792,19.265306,18.708767
4.8190265,7.9682136,21.787165,20.318792
19.361115,24.873253,11.353572,22.04214
13.838689,11.092039,23.44059,8.716824
11.801612,19.65089,6.421217,21.335117
17.737959,14.727477,13.677168,17.793436
21.033037,2.427138,19.203043,17.925034
4.864868,7.776302,21.681398,20.11184
18.731712,24.540495,11.264354,21.42458
13.838317,11.066847,23.437761,8.72266
11.798531,19.634073,6.412888,21.322384
17.71977,14.700572,13.657571,17.780003
21.00885,2.39634,19.190702,17.896904
4.8825545,7.764381,21.673939,20.088419
18.717676,24.515541,11.253096,21.41964
13.832903,10.986701,23.450285,8.76063
11.729405,19.601847,6.401781,21.326626
17.719728,14.648708,13.610625,17.736078
20.91224,2.326859,19.184624,17.80248
4.882045,7.7446446,21.663555,20.06859
18.639301,24.486412,11.2451,21.351204
13.807018,10.731426,23.470682,8.872229
11.544688,19.471678,6.3514795,21.30679
17.680054,14.441913,13.437869,17.5908
20.602821,2.070229,19.135674,17.498657
4.9240613,7.6603,21.61375,19.96347
18.400928,24.342949,11.198821,21.149961
13.742465,10.265144,23.500856,9.062386
11.221385,19.171326,6.2356915,21.25311
17.573542,14.007145,13.091587,17.301804
20.00836,1.5355926,19.01279,16.911287
5.057026,7.4878736,21.495605,19.721628
17.955805,24.038628,11.091026,20.77757
13.807333,10.768865,23.458117,8.851501
11.589247,19.47522,6.3500185,21.292429
17.66317,14.451815,13.451651,17.608397
20.643314,2.0887656,19.129782,17.53645
4.9416504,7.6619,21.612648,19.954987
18.44134,24.33604,11.193288,21.186298
13.73689,10.273786,23.49934,9.06072
11.221972,19.160307,6.2327166,21.253382
17.5702,14.001046,13.088598,17.299751
20.000824,1.5274019,19.011106,16.906382
5.063273,7.4857507,21.491617,19.717236
17.954348,24.031433,11.088537,20.768614
13.875555,11.341633,23.39908,8.579163
12.057035,19.774555,6.4577093,21.306349
17.725536,14.90607,13.840386,17.947432
21.389618,2.6721182,19.213976,18.256813
4.875908,7.846045,21.71973,20.168531
19.01567,24.649221,11.286759,21.70825
13.811329,10.808134,23.463741,8.833225
11.611432,19.48525,6.3583407,21.305632
17.672283,14.484951,13.480614,17.625729
20.684523,2.1218324,19.138865,17.57219
4.9392486,7.6803746,21.621054,19.96882
18.475124,24.371777,11.201383,21.216745
13.935559,11.789877,23.345057,8.335373
12.470696,19.995373,6.5306044,21.291676
17.75002,15.238588,14.140934,18.218853
22.01995,3.1206174,19.2454,18.849442
4.861427,7.9865994,21.789976,20.311287
19.495316,24.89234,11.34872,22.184608
13.833388,11.031096,23.442877,8.736439
11.772505,19.603184,6.4031086,21.320696
17.708427,14.665515,13.6309185,17.75447
20.957245,2.3488984,19.181355,17.842415
4.898131,7.7526464,21.664364,20.064644
18.68221,24.493544,11.243081,21.389772
13.931004,11.764556,23.349201,8.351416
12.442705,19.983034,6.5271482,21.295282
17.751724,15.220902,14.123867,18.202574
21.980465,3.0952516,19.245863,18.813776
4.8592734,7.9789243,21.786568,20.305618
19.464952,24.879656,11.346445,22.151709
13.83319,11.029973,23.444122,8.741323
11.761795,19.612896,6.4067636,21.326246
17.719751,14.672989,13.633512,17.756414
20.956085,2.3576853,19.188047,17.845957
4.883372,7.7545276,21.667395,20.077866
18.675959,24.499176,11.248938,21.378891
13.888343,11.472482,23.38618,8.515146
12.164429,19.837273,6.4810867,21.309849
17.740746,15.004582,13.926911,18.023401
21.560797,2.800674,19.228828,18.422161
4.864022,7.887008,21.741117,20.215746
19.145695,24.721434,11.308096,21.828178
13.825317,10.947481,23.451544,8.77746
11.70105,19.56964,6.390397,21.320704
17.706287,14.606757,13.578062,17.708765
20.854126,2.2736905,19.173138,17.74501
4.89744,7.7279015,21.651575,20.043222
18.59834,24.453197,11.233594,21.312807
13.860804,11.214718,23.41396,8.642565
11.948883,19.710989,6.4352574,21.306581
17.714766,14.809378,13.755582,17.872387
21.220709,2.545716,19.19946,18.094938
4.886351,7.806395,21.698214,20.124376
18.88655,24.582664,11.267404,21.588163
13.800698,10.750209,23.467413,8.863466
11.55656,19.45344,6.3468337,21.304504
17.669064,14.43503,13.437426,17.589867
20.601221,2.058916,19.130913,17.496403
4.9407578,7.659079,21.607903,19.951536
18.408365,24.333113,11.193058,21.148853
13.877791,11.351838,23.394392,8.570076
12.08071,19.777071,6.4564056,21.296984
17.71532,14.907135,13.844384,17.955244
21.410402,2.679512,19.207512,18.274273
4.8876286,7.8454986,21.7192,20.160646
19.036243,24.647636,11.282796,21.734766
13.777342,10.555062,23.483192,8.945154
11.419306,19.338863,6.3025894,21.28674
17.631638,14.264478,13.29906,17.473175
20.358795,1.8480612,19.085829,17.256548
4.98736,7.591332,21.563997,19.858784
18.225319,24.217514,11.152347,20.997337
13.8235855,10.824524,23.445517,8.815229
11.672077,19.515755,6.3571143,21.273933
17.649519,14.495902,13.4921875,17.651398
20.746649,2.157951,19.127289,17.62905
4.9551115,7.6767797,21.624762,19.958073
18.528526,24.362514,11.193514,21.288416
13.497122,8.64644,23.549643,9.637423
10.199092,18.075264,5.7639675,20.967808
17.145456,12.372109,11.825235,16.283134
18.066011,-0.3722928,18.445004,15.0169115
5.6315193,6.8347354,21.003618,18.814703
16.458761,22.904316,10.662819,19.639645
13.767793,10.467783,23.472591,8.975584
11.389126,19.291868,6.27653,21.25055
17.590788,14.174041,13.228974,17.427206
20.267817,1.7532237,19.050505,17.167065
5.0257397,7.547994,21.538532,19.79919
18.161575,24.133837,11.122825,20.954214
13.615724,9.444406,23.535316,9.3722725
10.678445,18.616323,6.006537,21.127668
17.369123,13.191226,12.45412,16.784985
18.988081,0.56740665,18.74908,15.914786
5.3281546,7.162957,21.256716,19.27342
17.178543,23.470705,10.88403,20.156244
13.853953,11.099932,23.421629,8.690996
11.87576,19.660425,6.4132123,21.292727
17.692072,14.721414,13.681368,17.811583
21.091305,2.4388142,19.177877,17.965418
4.9072876,7.769235,21.678589,20.07454
18.789656,24.518969,11.244957,21.51267
13.701062,10.013575,23.5148,9.160475
11.056573,18.993805,6.1647162,21.217434
17.508345,13.753712,12.894338,17.14039
19.686611,1.232391,18.932806,16.595394
5.1482453,7.3875413,21.423204,19.575401
17.718412,23.865753,11.025841,20.586689
13.906395,11.546321,23.369406,8.463264
12.265993,19.876621,6.4883094,21.287153
17.721981,15.053216,13.976177,18.07527
21.688501,2.8775296,19.221031,18.534483
4.8831406,7.9066424,21.751024,20.220243
19.249804,24.75187,11.30839,21.948969
13.772327,10.51978,23.485395,8.957123
11.402825,19.31137,6.291938,21.279655
17.617647,14.227254,13.271409,17.450422
20.316359,1.8037581,19.072062,17.21205
5.0071425,7.577058,21.55382,19.831778
18.197298,24.193413,11.140971,20.979334
13.9211855,11.601317,23.366518,8.43124
12.315859,19.916756,6.500611,21.28967
17.731722,15.108089,14.021838,18.113491
21.777952,2.94828,19.230488,18.616491
4.8722157,7.9308944,21.765284,20.248186
19.313848,24.797434,11.320122,22.018497
13.808391,10.848807,23.458746,8.819147
11.631393,19.494085,6.363843,21.309633
17.677553,14.506933,13.500104,17.64262
20.715681,2.1482177,19.145319,17.607218
4.9340672,7.6892486,21.624199,19.98298
18.500433,24.382395,11.207245,21.226854
13.91345,11.657136,23.353395,8.405537
12.363217,19.915543,6.503162,21.282415
17.723412,15.121577,14.041736,18.135208
21.827467,2.9698493,19.224865,18.666813
4.886564,7.935641,21.7628,20.2475
19.357872,24.797184,11.320586,22.04817
13.809257,10.827946,23.461832,8.826445
11.621451,19.487377,6.360178,21.307766
17.674215,14.493999,13.489157,17.633072
20.698076,2.132907,19.141325,17.587536
4.93893,7.6842704,21.622084,19.973824
18.487352,24.376886,11.2035265,21.222004
13.935679,11.741575,23.350304,8.35656
12.441,19.978722,6.5222106,21.28687
17.740595,15.206387,14.112133,18.195234
21.967766,3.0814972,19.238611,18.79666
4.8693056,7.9727893,21.784643,20.29155
19.458433,24.870853,11.339286,22.159191
13.834048,11.0169325,23.44712,8.742386
11.760841,19.599289,6.402023,21.323353
17.710033,14.6596155,13.625075,17.747545
20.943363,2.3398259,19.181274,17.827374
4.8973904,7.7513337,21.663944,20.062302
18.670572,24.494204,11.242615,21.382265
13.976853,12.062124,23.302563,8.16465
12.762666,20.114561,6.565735,21.257616
17.735994,15.418129,14.318135,18.38798
22.431852,3.3809044,19.23708,19.22346
4.886485,8.06636,21.821644,20.371937
19.810453,25.026928,11.374009,22.522991
13.810475,10.875274,23.457066,8.809088
11.646981,19.508753,6.3695946,21.313452
17.684547,14.529501,13.518153,17.657574
20.745749,2.1758666,19.15216,17.638165
4.926375,7.6982574,21.629831,19.996927
18.522554,24.398144,11.213338,21.24327
13.978681,11.982612,23.32399,8.212864
12.673961,20.110249,6.5635643,21.278175
17.758093,15.397633,14.285205,18.350399
22.337118,3.3421013,19.253044,19.1366
4.8560033,8.057364,21.824286,20.378527
19.730259,25.022682,11.376754,22.446028
13.788247,10.639538,23.474901,8.91152
11.47573,19.395205,6.32367,21.294641
17.651485,14.342431,13.360552,17.525984
20.465502,1.9452015,19.10832,17.36426
4.9595513,7.621058,21.584646,19.905643
18.302937,24.2674,11.1723795,21.05877
13.797002,10.602907,23.48131,8.923901
11.458839,19.406729,6.3253045,21.294695
17.657139,14.338508,13.352834,17.518688
20.455467,1.9424623,19.108162,17.350334
4.9503107,7.6193056,21.588884,19.907194
18.287174,24.27432,11.174201,21.061731
13.808388,10.8115225,23.463053,8.833904
11.607989,19.481998,6.358039,21.307175
17.673574,14.483479,13.479541,17.624739
20.679594,2.1191392,19.139807,17.569727
4.9379644,7.6797357,21.619745,19.970316
18.471493,24.368803,11.201838,21.207708
13.91144,11.584774,23.366098,8.443117
12.297716,19.89484,6.4949183,21.288448
17.726149,15.082942,14.002458,18.097609
21.739944,2.9155447,19.225365,18.582764
4.87995,7.9196763,21.757418,20.234364
19.288298,24.77459,11.314561,21.98589
13.818032,10.92231,23.452324,8.784288
11.692453,19.53296,6.378214,21.312302
17.685303,14.566927,13.551249,17.686235
20.81248,2.2245235,19.156754,17.699549
4.9265914,7.7139072,21.639175,20.009571
18.576023,24.425358,11.2192,21.296993
13.945966,11.807034,23.338182,8.314318
12.516353,20.005884,6.52956,21.274918
17.732075,15.24668,14.153423,18.236235
22.067678,3.1420481,19.234356,18.886145
4.8799767,7.990515,21.791304,20.301107
19.537226,24.898779,11.34307,22.244553
13.827504,11.037446,23.441257,8.732372
11.779484,19.5853,6.3993683,21.318136
17.698524,14.653137,13.625692,17.749908
20.950974,2.3335633,19.173855,17.834965
4.9141817,7.7495956,21.658894,20.051207
18.68378,24.48475,11.237839,21.388926
13.971502,12.036701,23.300272,8.175232
12.753963,20.090235,6.555781,21.246931
17.71772,15.383548,14.292965,18.37044
22.393167,3.3421504,19.225105,19.184498
4.906883,8.051412,21.812742,20.345179
19.789196,24.997087,11.361749,22.505817
13.811018,10.854345,23.458118,8.81481
11.640883,19.498907,6.3649206,21.308079
17.676184,14.512843,13.505436,17.647408
20.72839,2.1565547,19.145142,17.617666
4.935767,7.6916585,21.626085,19.983204
18.510887,24.387327,11.207412,21.240332
